title,content,answer,solution,questionTypeCode,problemLevelCode,problemTypeCode,problemTypeDetailCode,metadata,createdDate,modifiedDate
다음 문장에서 문맥상 빈칸에 들어갈 적절한 단어를 적으세요,학교에서 학생들에게 역사를 _____는 것은 매우 중요하다.,가르치다,새로운 개념을 학생들에게 전달하는 행위는 '가르치다'이므로 정답은 '가르치다'입니다.,QT02,PL02,PT01,PT0121,{'options': '가르치다 vs 가리키다'},2024-09-24T18:27:19.186132,2024-09-24T18:27:19.186132
다음 문장에서 문맥상 빈칸에 들어갈 적절한 단어를 적으세요,선생님은 학생들에게 중요한 내용을 _____ 주셨다.,가르치다,선생님이 학생들에게 중요한 내용을 전달하는 것은 '가르치다'이므로 정답은 '가르치다'입니다.,QT02,PL02,PT01,PT0121,{'options': '가르치다 vs 가리키다'},2024-09-24T18:27:19.186132,2024-09-24T18:27:19.186132
다음 문장에서 문맥상 빈칸에 들어갈 적절한 단어를 적으세요,선생님이 학생에게 새로운 내용을 _____ 주었다.,가르치다,선생님이 학생에게 새로운 내용을 설명하거나 이해할 수 있도록 돕는 것은 '가르치다'이므로 정답은 '가르치다'입니다.,QT02,PL02,PT01,PT0121,{'options': '가르치다 vs 가리키다'},2024-09-24T18:27:19.186132,2024-09-24T18:27:19.186132
다음 문장에서 문맥상 빈칸에 들어갈 적절한 단어를 적으세요,선생님은 학생들에게 영어를 _____고 있다.,가르치다,학생들에게 새로운 개념을 알려주는 행위는 '가르치다'이므로 정답은 '가르치다'입니다.,QT02,PL02,PT01,PT0121,{'options': '가르치다 vs 가리키다'},2024-09-24T18:27:19.186132,2024-09-24T18:27:19.186132
다음 문장에서 문맥상 빈칸에 들어갈 적절한 단어를 적으세요,그녀는 피아노를 _____기 시작한 지 3년이 되었다.,가르치다,학생들에게 새로운 내용을 알려주는 행동은 '가르치다'에 해당하므로 정답은 '가르치다'입니다.,QT02,PL02,PT01,PT0121,{'options': '가르치다 vs 가리키다'},2024-09-24T18:27:19.186132,2024-09-24T18:27:19.186132
다음 문장에서 문맥상 빈칸에 들어갈 적절한 단어를 적으세요,그는 아이들에게 수영을 _____고 있다.,가르치다,학생들에게 새로운 내용을 전달하는 행위는 '가르치다'이므로 정답은 '가르치다'입니다.,QT02,PL02,PT01,PT0121,{'options': '가르치다 vs 가리키다'},2024-09-24T18:27:19.186132,2024-09-24T18:27:19.186132
다음 문장에서 문맥상 빈칸에 들어갈 적절한 단어를 적으세요,그는 손가락으로 방향을 _____ 저에게 알려주었습니다.,가리키다,방향을 알려주는 행위는 '가리키다'로 표현되므로 정답은 '가리키다'입니다.,QT02,PL02,PT01,PT0121,{'options': '가르치다 vs 가리키다'},2024-09-24T18:27:19.186132,2024-09-24T18:27:19.186132
다음 문장에서 문맥상 빈칸에 들어갈 적절한 단어를 적으세요,그는 길을 물어보며 지도를 _____ 했다.,가리키다,여기서 '가리키다'는 어떤 내용을 지시하거나 지목하는 의미이므로 정답은 '가리키다'입니다.,QT02,PL02,PT01,PT0121,{'options': '가르치다 vs 가리키다'},2024-09-24T18:27:19.186132,2024-09-24T18:27:19.186132
다음 문장에서 문맥상 빈칸에 들어갈 적절한 단어를 적으세요,그 아이는 손가락으로 저 멀리 있는 건물을 _____,가리키다,손가락으로 어떤 대상을 지시하는 행동은 '가리키다'이므로 정답은 '가리키다'입니다.,QT02,PL02,PT01,PT0121,{'options': '가르치다 vs 가리키다'},2024-09-24T18:27:19.186132,2024-09-24T18:27:19.186132
다음 문장에서 문맥상 빈칸에 들어갈 적절한 단어를 적으세요,지도에서 위치를 _____ 위해 빨간 펜으로 표시했다.,가리키다,어떤 방향을 나타내는 행동은 '가리키다'이므로 정답은 '가리키다'입니다.,QT02,PL02,PT01,PT0121,{'options': '가르치다 vs 가리키다'},2024-09-24T18:27:19.186132,2024-09-24T18:27:19.186132
다음 문장에서 문맥상 빈칸에 들어갈 적절한 단어를 적으세요,그 선수가 목표로 하는 방향을 _____ 했다.,가리키다,목표를 특정 방향으로 지목하는 행위는 '가리키다'이므로 정답은 '가리키다'입니다.,QT02,PL02,PT01,PT0121,{'options': '가르치다 vs 가리키다'},2024-09-24T18:27:19.186132,2024-09-24T18:27:19.186132
다음 문장에서 문맥상 빈칸에 들어갈 적절한 단어를 적으세요,선생님이 손가락으로  _______서 내용을 설명해 주셨다.,가리키다,무언가를 손가락으로 지시하는 것은 '가리키다'의 뜻이므로 정답은 '가리키다'입니다.,QT02,PL02,PT01,PT0121,{'options': '가르치다 vs 가리키다'},2024-09-24T18:27:19.186132,2024-09-24T18:27:19.186132
다음 문장에서 문맥상 빈칸에 들어갈 적절한 단어를 적으세요,농부는 밭에 _____을 줘서 작물을 잘 기르고 있다.,거름,농부가 밭에 주는 것은 작물이 성장하는 데 필요한 '거름'이므로 정답은 '거름'입니다.,QT02,PL03,PT01,PT0121,{'options': '거름 vs 걸음'},2024-09-24T18:27:19.186132,2024-09-24T18:27:19.186132
다음 문장에서 문맥상 빈칸에 들어갈 적절한 단어를 적으세요,나무 아래서 노래를 부르며 ____었다.,걸음,걸어가는 동작을 나타내는 것은 '걸음'이므로 정답은 '걸음'입니다.,QT02,PL03,PT01,PT0121,{'options': '거름 vs 걸음'},2024-09-24T18:27:19.186132,2024-09-24T18:27:19.186132
다음 문장에서 문맥상 빈칸에 들어갈 적절한 단어를 적으세요,아빠와 함께 공원에서 _____을 느리게 걸었다.,걸음,사람이 걷는 동작을 나타내는 것은 '걸음'이므로 정답은 '걸음'입니다.,QT02,PL03,PT01,PT0121,{'options': '거름 vs 걸음'},2024-09-24T18:27:19.186132,2024-09-24T18:27:19.186132
다음 문장에서 문맥상 빈칸에 들어갈 적절한 단어를 적으세요,정원 가꾸기를 위해 필요한 _____을 구입했다.,거름,정원 가꾸기를 위해 필요한 것은 주로 '거름'이므로 정답은 '거름'입니다.,QT02,PL03,PT01,PT0121,{'options': '거름 vs 걸음'},2024-09-24T18:27:19.186132,2024-09-24T18:27:19.186132
다음 문장에서 문맥상 빈칸에 들어갈 적절한 단어를 적으세요,농부는 작물을 잘 자라게 하기 위해 _____을 뿌렸다.,거름,작물의 성장을 돕기 위해 뿌리는 것은 '거름'이므로 정답은 '거름'입니다.,QT02,PL03,PT01,PT0121,{'options': '거름 vs 걸음'},2024-09-24T18:27:19.186132,2024-09-24T18:27:19.186132
다음 문장에서 문맥상 빈칸에 들어갈 적절한 단어를 적으세요,농부가 논에 _____을 주어 작물을 잘 자라게 하였다.,거름,논에 주는 것은 '거름'이므로 정답은 '거름'입니다.,QT02,PL03,PT01,PT0121,{'options': '거름 vs 걸음'},2024-09-24T18:27:19.186132,2024-09-24T18:27:19.186132
다음 문장에서 문맥상 빈칸에 들어갈 적절한 단어를 적으세요,그는 연습을 하며 빠른 _____을 내기 위해 노력하고 있다.,걸음,사람이 걷는 속도를 나타내는 것은 '걸음'이므로 정답은 '걸음'입니다.,QT02,PL03,PT01,PT0121,{'options': '거름 vs 걸음'},2024-09-24T18:27:19.186132,2024-09-24T18:27:19.186132
다음 문장에서 문맥상 빈칸에 들어갈 적절한 단어를 적으세요,아이들이 놀이터에서 즐겁게 _____을 뛰었다.,걸음,아이들이 놀이터에서 뛰는 것은 '걸음'이므로 정답은 '걸음'입니다.,QT02,PL03,PT01,PT0121,{'options': '거름 vs 걸음'},2024-09-24T18:27:19.186132,2024-09-24T18:27:19.186132
다음 문장에서 문맥상 빈칸에 들어갈 적절한 단어를 적으세요,그는 한 발 한 발 힘차게 _____을 내디뎠다.,걸음,'걸음'은 걷는 동작을 나타내므로 정답은 '걸음'입니다.,QT02,PL03,PT01,PT0121,{'options': '거름 vs 걸음'},2024-09-24T18:27:19.187132,2024-09-24T18:27:19.187132
다음 문장에서 문맥상 빈칸에 들어갈 적절한 단어를 적으세요,그는 한 발 한 발 조심스럽게 _____을 내딛었다.,걸음,조심스럽게 내딛는 행동은 '걸음'이므로 정답은 '걸음'입니다.,QT02,PL03,PT01,PT0121,{'options': '거름 vs 걸음'},2024-09-24T18:27:19.187132,2024-09-24T18:27:19.187132
다음 문장에서 문맥상 빈칸에 들어갈 적절한 단어를 적으세요,산책을 하면서 _____을 맞춰서 걸었다.,걸음,"산책을 하면서 걷는 것은 '걸음'이며, 문맥상 적절한 단어는 '걸음'이므로 정답은 '걸음'입니다.",QT02,PL03,PT01,PT0121,{'options': '거름 vs 걸음'},2024-09-24T18:27:19.187132,2024-09-24T18:27:19.187132
다음 문장에서 문맥상 빈칸에 들어갈 적절한 단어를 적으세요,그는 매일 아침 운동을 위해 빠른 _____으로 공원을 걸었다.,걸음,운동을 위해 빠르게 걷는 것은 '걸음'이므로 정답은 '걸음'입니다.,QT02,PL03,PT01,PT0121,{'options': '거름 vs 걸음'},2024-09-24T18:27:19.187132,2024-09-24T18:27:19.187132
다음 문장에서 문맥상 빈칸에 들어갈 적절한 단어를 적으세요,달걀의 _____을 벗기고 요리를 했다.,껍데기,"달걀을 부화하기 전에 사용할 때, 그 외부를 보호하는 것은 '껍데기'이므로 정답은 '껍데기'입니다.",QT02,PL01,PT01,PT0121,{'options': '껍데기 vs 껍질'},2024-09-24T18:27:19.187132,2024-09-24T18:27:19.187132
다음 문장에서 문맥상 빈칸에 들어갈 적절한 단어를 적으세요,달걀의 _____은 부화 과정에서 중요한 역할을 한다.,껍데기,달걀에 있는 단단한 층은 '껍데기'이므로 정답은 '껍데기'입니다.,QT02,PL01,PT01,PT0121,{'options': '껍데기 vs 껍질'},2024-09-24T18:27:19.187132,2024-09-24T18:27:19.187132
다음 문장에서 문맥상 빈칸에 들어갈 적절한 단어를 적으세요,계란의 _____을 벗기면 달걀 흰자와 노른자를 볼 수 있다.,껍데기,계란에서 벗겨야 하는 부분은 '껍데기'이므로 정답은 '껍데기'입니다.,QT02,PL01,PT01,PT0121,{'options': '껍데기 vs 껍질'},2024-09-24T18:27:19.187132,2024-09-24T18:27:19.187132
다음 문장에서 문맥상 빈칸에 들어갈 적절한 단어를 적으세요,조개의 _____을 벗기고 먹었다.,껍데기,껍데기는 딱딱한 것을 의미하므로 정답은 '껍데기'입니다.,QT02,PL01,PT01,PT0121,{'options': '껍데기 vs 껍질'},2024-09-24T18:27:19.187132,2024-09-24T18:27:19.187132
다음 문장에서 문맥상 빈칸에 들어갈 적절한 단어를 적으세요,밤의 _____을 조심스럽게 까냈다.,껍데기,밤의 바깥 부분은 딱딱하므로 정답은 '껍데기'입니다.,QT02,PL01,PT01,PT0121,{'options': '껍데기 vs 껍질'},2024-09-24T18:27:19.187132,2024-09-24T18:27:19.187132
다음 문장에서 문맥상 빈칸에 들어갈 적절한 단어를 적으세요,달걀의 _____을 까면 노른자와 흰자가 나온다.,껍데기,계란의 외부를 보호하는 부분은 '껍데기'이므로 정답은 '껍데기'입니다.,QT02,PL01,PT01,PT0121,{'options': '껍데기 vs 껍질'},2024-09-24T18:27:19.187132,2024-09-24T18:27:19.187132
다음 문장에서 문맥상 빈칸에 들어갈 적절한 단어를 적으세요,귤의 _____을 벗기고 먹었다.,껍질,귤를 먹기 위해서는 '껍질'을 벗겨야 하므로 정답은 '껍질'입니다.,QT02,PL01,PT01,PT0121,{'options': '껍데기 vs 껍질'},2024-09-24T18:27:19.187132,2024-09-24T18:27:19.187132
다음 문장에서 문맥상 빈칸에 들어갈 적절한 단어를 적으세요,사과의 _____을 벗겨서 샐러드를 만들었다.,껍질,"사과를 사용하여 샐러드를 만들 때, 벗기는 것은 '껍질'이므로 정답은 '껍질'입니다.",QT02,PL01,PT01,PT0121,{'options': '껍데기 vs 껍질'},2024-09-24T18:27:19.187132,2024-09-24T18:27:19.187132
다음 문장에서 문맥상 빈칸에 들어갈 적절한 단어를 적으세요,과일을 먹으려면 _____을 벗겨야 한다.,껍질,과일을 먹기 위해서는 그 겉부분인 '껍질'을 벗겨야 하므로 정답은 '껍질'입니다.,QT02,PL01,PT01,PT0121,{'options': '껍데기 vs 껍질'},2024-09-24T18:27:19.187132,2024-09-24T18:27:19.187132
다음 문장에서 문맥상 빈칸에 들어갈 적절한 단어를 적으세요,과일을 먹으면서 그 _____을 제거했다.,껍질,과일을 먹을 때 일반적으로 '껍질'을 제거하므로 정답은 '껍질'입니다.,QT02,PL01,PT01,PT0121,{'options': '껍데기 vs 껍질'},2024-09-24T18:27:19.187132,2024-09-24T18:27:19.187132
다음 문장에서 문맥상 빈칸에 들어갈 적절한 단어를 적으세요,사과를 먹으면서 _____이 바닥에 떨어졌다.,껍질,사과를 먹고 남은 것은 일반적으로 '껍질'이므로 정답은 '껍질'입니다.,QT02,PL01,PT01,PT0121,{'options': '껍데기 vs 껍질'},2024-09-24T18:27:19.187132,2024-09-24T18:27:19.187132
다음 문장에서 문맥상 빈칸에 들어갈 적절한 단어를 적으세요,과일을 먹을 때 _____이 있어야 맛있다.,껍질,과일을 먹기 위해서는 '껍질'을 벗겨야 하므로 정답은 '껍질'입니다.,QT02,PL01,PT01,PT0121,{'options': '껍데기 vs 껍질'},2024-09-24T18:27:19.187132,2024-09-24T18:27:19.187132
다음 문장에서 문맥상 빈칸에 들어갈 적절한 단어를 적으세요,그 여자는 건강한 아기를 _____ .,낳다,'낳다'는 아기를 출산하는 동작을 의미하므로 문맥에 맞는 단어는 '낳다'입니다.,QT02,PL02,PT01,PT0121,{'options': '낳다 vs 낫다'},2024-09-24T18:27:19.187132,2024-09-24T18:27:19.187132
다음 문장에서 문맥상 빈칸에 들어갈 적절한 단어를 적으세요,"한 쌍의 아기가 태어났고, 이를 _____ 기쁨을 느꼈다.",낳다,아기가 태어났다는 것은 '낳다'에 해당하므로 정답은 '낳다'입니다.,QT02,PL02,PT01,PT0121,{'options': '낳다 vs 낫다'},2024-09-24T18:27:19.187132,2024-09-24T18:27:19.187132
다음 문장에서 문맥상 빈칸에 들어갈 적절한 단어를 적으세요,그녀는 아기를 _____ 기쁘게 생각했다.,낳다,아기를 '낳다'는 것은 출산을 의미하므로 정답은 '낳다'입니다.,QT02,PL02,PT01,PT0121,{'options': '낳다 vs 낫다'},2024-09-24T18:27:19.187132,2024-09-24T18:27:19.187132
다음 문장에서 문맥상 빈칸에 들어갈 적절한 단어를 적으세요,사람이 태어나면 부모가 아기를 _____ 기쁨이 커진다.,낳다,사람이 태어나고 부모가 아기를 받는다는 의미에서 '낳다'가 적절합니다.,QT02,PL02,PT01,PT0121,{'options': '낳다 vs 낫다'},2024-09-24T18:27:19.187132,2024-09-24T18:27:19.187132
다음 문장에서 문맥상 빈칸에 들어갈 적절한 단어를 적으세요,새로운 생명을 _____ 위해 엄마가 힘을 내고 있다.,낳다,새로운 생명을 만드는 행동은 '낳다'이므로 정답은 '낳다'입니다.,QT02,PL02,PT01,PT0121,{'options': '낳다 vs 낫다'},2024-09-24T18:27:19.187132,2024-09-24T18:27:19.187132
다음 문장에서 문맥상 빈칸에 들어갈 적절한 단어를 적으세요,그는 첫 아이를 _____ 고요한 집으로 돌아왔다.,낳다,아이를 출산하는 것은 '낳다'의 의미이므로 정답은 '낳다'입니다.,QT02,PL02,PT01,PT0121,{'options': '낳다 vs 낫다'},2024-09-24T18:27:19.187132,2024-09-24T18:27:19.187132
다음 문장에서 문맥상 빈칸에 들어갈 적절한 단어를 적으세요,그는 병을 앓고 있지만 이제는 많이 _____.,낫다,병이 나았다라는 의미로 쓰이는 말이므로 정답은 '낫다'입니다.,QT02,PL02,PT01,PT0121,{'options': '낳다 vs 낫다'},2024-09-24T18:27:19.187132,2024-09-24T18:27:19.187132
다음 문장에서 문맥상 빈칸에 들어갈 적절한 단어를 적으세요,이번 시험에서 내가 이전보다 성적이 조금 더 _____다.,낫다,성적이 이전보다 좋아졌다는 것은 '낫다'의 의미이므로 정답은 '낫다'입니다.,QT02,PL02,PT01,PT0121,{'options': '낳다 vs 낫다'},2024-09-24T18:27:19.188130,2024-09-24T18:27:19.188130
다음 문장에서 문맥상 빈칸에 들어갈 적절한 단어를 적으세요,감기에 걸렸을 때에는 충분한 휴식이 _____ 좋다.,낫다,감기가 나아지는 데에는 충분한 휴식이 중요하므로 정답은 '낫다'입니다.,QT02,PL02,PT01,PT0121,{'options': '낳다 vs 낫다'},2024-09-24T18:27:19.188130,2024-09-24T18:27:19.188130
다음 문장에서 문맥상 빈칸에 들어갈 적절한 단어를 적으세요,아픈 병이 다 나으면 다시 건강하게 _____ 수 있다.,낫다,'낫다'는 병이 치유되거나 회복되는 의미이므로 정답은 '낫다'입니다.,QT02,PL02,PT01,PT0121,{'options': '낳다 vs 낫다'},2024-09-24T18:27:19.188130,2024-09-24T18:27:19.188130
다음 문장에서 문맥상 빈칸에 들어갈 적절한 단어를 적으세요,어제 병원에서 의사 선생님이 나를 _____ 그렇게 말했습니다.,낫다,병이 나아지는 것을 의미하기 때문에 정답은 '낫다'입니다.,QT02,PL02,PT01,PT0121,{'options': '낳다 vs 낫다'},2024-09-24T18:27:19.188130,2024-09-24T18:27:19.188130
다음 문장에서 문맥상 빈칸에 들어갈 적절한 단어를 적으세요,그는 아픈 친구를 위해 항상 ____ 기도했다.,낫다,"친구가 아프기 때문에 그가 기도하는 것은 '낫다'라는 의미로, 친구가 빨리 나아지기를 바라는 것이므로 정답은 '낫다'입니다.",QT02,PL02,PT01,PT0121,{'options': '낳다 vs 낫다'},2024-09-24T18:27:19.188130,2024-09-24T18:27:19.188130
다음 문장에서 문맥상 빈칸에 들어갈 적절한 단어를 적으세요,문이 갑자기 _____ 소리가 났다.,닫히다,문이 소리와 함께 수렴되는 행동은 '닫히다'이므로 정답은 '닫히다'입니다.,QT02,PL04,PT01,PT0121,{'options': '닫히다 vs 다치다'},2024-09-24T18:27:19.188130,2024-09-24T18:27:19.188130
다음 문장에서 문맥상 빈칸에 들어갈 적절한 단어를 적으세요,문이 세게 바람에 _____ 멈췄다.,닫히다,문이 바람에 움직여 멈춘 상황을 표현하는 말은 '닫히다'이므로 정답은 '닫히다'입니다.,QT02,PL04,PT01,PT0121,{'options': '닫히다 vs 다치다'},2024-09-24T18:27:19.188130,2024-09-24T18:27:19.188130
다음 문장에서 문맥상 빈칸에 들어갈 적절한 단어를 적으세요,창문이 바람에 _____ 갑자기 소리가 났다.,닫히다,창문이 바람에 소리와 함께 닫히는 상황을 설명하므로 정답은 '닫히다'입니다.,QT02,PL04,PT01,PT0121,{'options': '닫히다 vs 다치다'},2024-09-24T18:27:19.188130,2024-09-24T18:27:19.188130
다음 문장에서 문맥상 빈칸에 들어갈 적절한 단어를 적으세요,자동문이 감지 센서에 반응하여 저절로 _____,닫히다,'닫히다'는 문이 자동으로 닫히는 과정을 설명하는 표현이므로 정답은 '닫히다'입니다.,QT02,PL04,PT01,PT0121,{'options': '닫히다 vs 다치다'},2024-09-24T18:27:19.188130,2024-09-24T18:27:19.188130
다음 문장에서 문맥상 빈칸에 들어갈 적절한 단어를 적으세요,문이 너무 세게 ____는지 다시는 열릴 수가 없었다.,닫히다,문맥상 '닫히다'는 문이 닫힌 상태를 의미하므로 '열릴'이 적절한 단어입니다.,QT02,PL04,PT01,PT0121,{'options': '닫히다 vs 다치다'},2024-09-24T18:27:19.188130,2024-09-24T18:27:19.188130
다음 문장에서 문맥상 빈칸에 들어갈 적절한 단어를 적으세요,회의가 끝난 후 문이 조용히 _____았다.,닫히다,'닫히다'는 문이 닫힌 상태를 나타내는 말이므로 정답은 '닫히다'입니다.,QT02,PL04,PT01,PT0121,{'options': '닫히다 vs 다치다'},2024-09-24T18:27:19.188130,2024-09-24T18:27:19.188130
다음 문장에서 문맥상 빈칸에 들어갈 적절한 단어를 적으세요,운동장에 있을 때 친구와 뛰다가 _____.,다치다,운동 중에 친구와 뛰다가 부상을 당하는 것은 '다치다'라는 표현이므로 정답은 '다치다'입니다.,QT02,PL04,PT01,PT0121,{'options': '닫히다 vs 다치다'},2024-09-24T18:27:19.188130,2024-09-24T18:27:19.188130
다음 문장에서 문맥상 빈칸에 들어갈 적절한 단어를 적으세요,놀이기구를 타다가 친구가 _____.,다치다,놀이기구를 타다가 친구가 다치는 상황을 나타내므로 정답은 '다쳤다'입니다.,QT02,PL04,PT01,PT0121,{'options': '닫히다 vs 다치다'},2024-09-24T18:27:19.188130,2024-09-24T18:27:19.188130
다음 문장에서 문맥상 빈칸에 들어갈 적절한 단어를 적으세요,그녀는 길에서 넘어져서 무릎이 _____았다.,다치다,넘어지는 상황에서 아이의 안전을 걱정하는 표현은 '다치지 않도록'이므로 정답은 '다치지 않도록'입니다.,QT02,PL04,PT01,PT0121,{'options': '닫히다 vs 다치다'},2024-09-24T18:27:19.188130,2024-09-24T18:27:19.188130
다음 문장에서 문맥상 빈칸에 들어갈 적절한 단어를 적으세요,운동을 하다가 넘어져서 친구가 _____.,다치다,운동 중 넘어지는 상황에서 발생하는 것은 '다치다'이므로 정답은 '다쳤'입니다.,QT02,PL04,PT01,PT0121,{'options': '닫히다 vs 다치다'},2024-09-24T18:27:19.188130,2024-09-24T18:27:19.188130
다음 문장에서 문맥상 빈칸에 들어갈 적절한 단어를 적으세요,운동 중에 발을 잘못 디뎌서 가벼운 _____을 입었다.,다치다,운동 중에 발을 잘못 디디는 상황은 사람이나 동물이 상처를 입는 것을 의미하므로 정답은 '다치다'입니다.,QT02,PL04,PT01,PT0121,{'options': '닫히다 vs 다치다'},2024-09-24T18:27:19.188130,2024-09-24T18:27:19.188130
다음 문장에서 문맥상 빈칸에 들어갈 적절한 단어를 적으세요,그의 노래는 언제 ____도 기분 좋은 느낌이 든다.,들리다,노래를 듣는 과정에서 느끼는 감정은 '들리다'와 관련이 있으므로 정답은 '들리다'입니다.,QT02,PL03,PT01,PT0121,{'options': '들리다 vs 들르다'},2024-09-24T18:27:19.188130,2024-09-24T18:27:19.188130
다음 문장에서 문맥상 빈칸에 들어갈 적절한 단어를 적으세요,노래가 멀리서 _____ 수 있었다.,들리다,소리가 멀리서 들려오는 경우에는 '들리다'를 사용하므로 정답은 '들리다'입니다.,QT02,PL03,PT01,PT0121,{'options': '들리다 vs 들르다'},2024-09-24T18:27:19.188130,2024-09-24T18:27:19.188130
다음 문장에서 문맥상 빈칸에 들어갈 적절한 단어를 적으세요,전화를 걸었지만 상대방의 목소리가 잘 _____ 않아서 대화하기 어려웠다.,들리다,상대방의 목소리가 잘 들리지 않는 상황에서는 '들리다'가 맞으므로 정답은 '들리지'입니다.,QT02,PL03,PT01,PT0121,{'options': '들리다 vs 들르다'},2024-09-24T18:27:19.188130,2024-09-24T18:27:19.188130
다음 문장에서 문맥상 빈칸에 들어갈 적절한 단어를 적으세요,그의 목소리가 멀리 _____ 수 있었다.,들리다,'들리다'는 소리가 귀에 도달하여 감지되는 것을 의미하므로 정답은 '들리다'입니다.,QT02,PL03,PT01,PT0121,{'options': '들리다 vs 들르다'},2024-09-24T18:27:19.188130,2024-09-24T18:27:19.188130
다음 문장에서 문맥상 빈칸에 들어갈 적절한 단어를 적으세요,하늘에서 _____ 소리에 모두가 귀를 기울였다. 그 소리가 너무 아름다워 감탄했다.,들리다,소리가 들리는 상황을 표현하고 있으므로 '들리다'가 맞습니다.,QT02,PL03,PT01,PT0121,{'options': '들리다 vs 들르다'},2024-09-24T18:27:19.189130,2024-09-24T18:27:19.189130
다음 문장에서 문맥상 빈칸에 들어갈 적절한 단어를 적으세요,친구 집에 가기 전에 잠깐 시장에 _____.,들르다,누군가의 집에 가기 전에 잠깐 다른 곳에 가는 것은 '들르다'의 의미이므로 정답은 '들르다'입니다.,QT02,PL03,PT01,PT0121,{'options': '들리다 vs 들르다'},2024-09-24T18:27:19.189130,2024-09-24T18:27:19.189130
다음 문장에서 문맥상 빈칸에 들어갈 적절한 단어를 적으세요,친구를 만나기 위해 카페에 _____ 갔다.,들르다,카페에 잠시 가는 것을 표현하는 것은 '들르다'이므로 정답은 '들르다'입니다.,QT02,PL03,PT01,PT0121,{'options': '들리다 vs 들르다'},2024-09-24T18:27:19.189130,2024-09-24T18:27:19.189130
다음 문장에서 문맥상 빈칸에 들어갈 적절한 단어를 적으세요,나는 친구 집에 가기 전에 잠깐 가게에 _____ 다.,들르다,'들르다'는 특정한 장소에 잠깐 방문한다는 의미이므로 정답은 '들르다'입니다.,QT02,PL03,PT01,PT0121,{'options': '들리다 vs 들르다'},2024-09-24T18:27:19.189130,2024-09-24T18:27:19.189130
다음 문장에서 문맥상 빈칸에 들어갈 적절한 단어를 적으세요,저녁 먹기 전에 서점을 _____려고 해요.,들르다,'들르다'는 잠깐 들리거나 방문하는 뜻이므로 문맥에 맞는 정답은 '들르다'입니다.,QT02,PL03,PT01,PT0121,{'options': '들리다 vs 들르다'},2024-09-24T18:27:19.189130,2024-09-24T18:27:19.189130
다음 문장에서 문맥상 빈칸에 들어갈 적절한 단어를 적으세요,나는 친구 집에 가기 전에 가게에 _____ 한 후 갔다.,들르다,"'들르다'는 잠깐 방문하는 의미로, 문맥상 가게에 잠깐 들리는 상황이므로 정답은 '들르다'입니다.",QT02,PL03,PT01,PT0121,{'options': '들리다 vs 들르다'},2024-09-24T18:27:19.189130,2024-09-24T18:27:19.189130
다음 문장에서 문맥상 빈칸에 들어갈 적절한 단어를 적으세요,출근길에 친구의 집에 _____기로 했다.,들르다,'들르다'는 어떤 장소에 잠깐 방문하는 것을 의미하므로 정답은 '들르다'입니다.,QT02,PL03,PT01,PT0121,{'options': '들리다 vs 들르다'},2024-09-24T18:27:19.189130,2024-09-24T18:27:19.189130
다음 문장에서 문맥상 빈칸에 들어갈 적절한 단어를 적으세요,그의 얼굴이 생각나서 기분이 좋았던 순간을 _____,떠올리다,주어진 상황에서 '떠올리다'가 적절하므로 정답은 '떠올렸다'입니다.,QT02,PL05,PT01,PT0121,{'options': '떠올리다 vs 떠오르다'},2024-09-24T18:27:19.189130,2024-09-24T18:27:19.189130
다음 문장에서 문맥상 빈칸에 들어갈 적절한 단어를 적으세요,어릴 적의 기억을 _____ 하면서 나는 그때의 추억을 떠올렸다.,떠올리다,'떠올리다'는 기억을 회상하는 의미로 사용되므로 정답은 '떠올리다'입니다.,QT02,PL05,PT01,PT0121,{'options': '떠올리다 vs 떠오르다'},2024-09-24T18:27:19.189130,2024-09-24T18:27:19.189130
다음 문장에서 문맥상 빈칸에 들어갈 적절한 단어를 적으세요,시험 중에 배운 내용을 정확히 _____ 수 있었다.,떠올리다,떠올리다'는 배운 내용을 기억 속에서 끌어올리는 것을 나타내는 타동사입니다.,QT02,PL05,PT01,PT0121,{'options': '떠올리다 vs 떠오르다'},2024-09-24T18:27:19.189130,2024-09-24T18:27:19.189130
다음 문장에서 문맥상 빈칸에 들어갈 적절한 단어를 적으세요,이 노래를 듣고 갑자기 좋은 기억들이 _____.,떠올리다,좋은 기억을 떠올리는 것이므로 정답은 '떠올리다'입니다.,QT02,PL05,PT01,PT0121,{'options': '떠올리다 vs 떠오르다'},2024-09-24T18:27:19.189130,2024-09-24T18:27:19.189130
다음 문장에서 문맥상 빈칸에 들어갈 적절한 단어를 적으세요,나는 그때의 상황을 다시 한번 _____려고 노력했다.,떠올리다,"'떠올리다'는 특정 상황을 다시 생각하려고 할 때 쓰이는 타동사로, 목적어가 필요하므로 정답은 '떠올리다'입니다.",QT02,PL05,PT01,PT0121,{'options': '떠올리다 vs 떠오르다'},2024-09-24T18:27:19.189130,2024-09-24T18:27:19.189130
다음 문장에서 문맥상 빈칸에 들어갈 적절한 단어를 적으세요,그녀는 과거의 행복했던 순간을 _____.,떠올리다,"'떠올리다'는 과거의 기억을 머릿속에 떠오르게 하는 의미의 타동사로, 목적어가 필요하므로 정답은 '떠올리다'입니다.",QT02,PL05,PT01,PT0121,{'options': '떠올리다 vs 떠오르다'},2024-09-24T18:27:19.189130,2024-09-24T18:27:19.189130
다음 문장에서 문맥상 빈칸에 들어갈 적절한 단어를 적으세요,어두운 방에서 갑자기 좋은 아이디어가 _____ 했다.,떠오르다,'좋은 아이디어가 응기난다'는 의미로 문맥에 맞는 단어는 '떠오르다'이므로 정답은 '떠오르다'입니다.,QT02,PL05,PT01,PT0121,{'options': '떠올리다 vs 떠오르다'},2024-09-24T18:27:19.189130,2024-09-24T18:27:19.189130
다음 문장에서 문맥상 빈칸에 들어갈 적절한 단어를 적으세요,갑자기 좋은 아이디어가 _____ 내 마음속에 떠올랐다.,떠오르다,'갑자기 좋은 아이디어가 마음속에 생기는 상태'를 표현할 때는 '떠오르다'를 사용하므로 정답은 '떠오르다'입니다.,QT02,PL05,PT01,PT0121,{'options': '떠올리다 vs 떠오르다'},2024-09-24T18:27:19.189130,2024-09-24T18:27:19.189130
다음 문장에서 문맥상 빈칸에 들어갈 적절한 단어를 적으세요,어렸을 때의 추억이 문득 _____.,떠오르다,'떠오르다'는 어떤 생각이나 기억이 자연스럽게 생각나는 것을 의미하므로 정답은 '떠오르다'입니다.,QT02,PL05,PT01,PT0121,{'options': '떠올리다 vs 떠오르다'},2024-09-24T18:27:19.189130,2024-09-24T18:27:19.189130
다음 문장에서 문맥상 빈칸에 들어갈 적절한 단어를 적으세요,구름 사이로 달이 천천히 _____.,떠오르다,'떠오르다'는 달이 하늘로 올라오는 상태를 설명하는 자동사입니다.,QT02,PL05,PT01,PT0121,{'options': '떠올리다 vs 떠오르다'},2024-09-24T18:27:19.189130,2024-09-24T18:27:19.189130
다음 문장에서 문맥상 빈칸에 들어갈 적절한 단어를 적으세요,그녀의 얼굴에 미소가 _____.,떠오르다,'떠오르다'는 마음속에 자연스럽게 감정이나 생각이 생기는 것을 나타내는 자동사입니다.,QT02,PL05,PT01,PT0121,{'options': '떠올리다 vs 떠오르다'},2024-09-24T18:27:19.189130,2024-09-24T18:27:19.189130
다음 문장에서 문맥상 빈칸에 들어갈 적절한 단어를 적으세요,해가 수평선 위로 _____고 있었다.,떠오르다,'떠오르다'는 해가 위로 올라오는 것을 의미하는 자동사이므로 정답은 '떠오르다'입니다.,QT02,PL05,PT01,PT0121,{'options': '떠올리다 vs 떠오르다'},2024-09-24T18:27:19.189130,2024-09-24T18:27:19.189130
다음 문장에서 문맥상 빈칸에 들어갈 적절한 단어를 적으세요,시험에서 문제의 정답을 _____ 수 있었다.,맞히다,문제의 정답을 알아내는 행위는 '맞히다'에 해당하므로 정답은 '맞히다'입니다.,QT02,PL04,PT01,PT0121,{'options': '맞히다 vs 맞추다'},2024-09-24T18:27:19.189130,2024-09-24T18:27:19.189130
다음 문장에서 문맥상 빈칸에 들어갈 적절한 단어를 적으세요,시험 문제를 풀고 정답을 _____ 보았다.,맞히다,문맥상 정답을 찾는 행위는 '맞히다'가 적절하므로 정답은 '맞히다'입니다.,QT02,PL04,PT01,PT0121,{'options': '맞히다 vs 맞추다'},2024-09-24T18:27:19.189130,2024-09-24T18:27:19.189130
다음 문장에서 문맥상 빈칸에 들어갈 적절한 단어를 적으세요,퀴즈에서 정답을 _____.,맞히다,'정답을 맞히다'는 정답을 알아내는 것이므로 정답은 '맞히다'입니다.,QT02,PL04,PT01,PT0121,{'options': '맞히다 vs 맞추다'},2024-09-24T18:27:19.189130,2024-09-24T18:27:19.189130
다음 문장에서 문맥상 빈칸에 들어갈 적절한 단어를 적으세요,퀴즈에서 정답을 _____ 모든 포인트를 얻을 수 있다.,맞히다,퀴즈에서 정답을 맞히는 것은 '맞히다'가 맞으므로 정답은 '맞히다'입니다.,QT02,PL04,PT01,PT0121,{'options': '맞히다 vs 맞추다'},2024-09-24T18:27:19.189130,2024-09-24T18:27:19.189130
다음 문장에서 문맥상 빈칸에 들어갈 적절한 단어를 적으세요,문제를 해결하기 위해 여러 사람의 의견을 _____ 보기로 했다.,맞추다,여러 사람의 의견을 조정하여 하나의 의견으로 만드는 것은 '맞추다'이므로 정답은 '맞추다'입니다.,QT02,PL04,PT01,PT0121,{'options': '맞히다 vs 맞추다'},2024-09-24T18:27:19.190130,2024-09-24T18:27:19.190130
다음 문장에서 문맥상 빈칸에 들어갈 적절한 단어를 적으세요,"친구와 그림을 그리기 전에, 친구와 함께 그림의 색깔을 미리 _____ 정했다.",맞추다,'맞추다'는 두 개 이상의 것을 비교하여 같게 만들거나 일치하게 하는 행동을 의미하므로 정답은 '맞추다'입니다.,QT02,PL04,PT01,PT0121,{'options': '맞히다 vs 맞추다'},2024-09-24T18:27:19.190130,2024-09-24T18:27:19.190130
다음 문장에서 문맥상 빈칸에 들어갈 적절한 단어를 적으세요,다른 사람과 의견을 _____기 위해 여러 번 생각했다.,맞추다,여러 사람의 의견을 조정하여 하나의 의견으로 만드는 것은 '맞추다'이므로 정답은 '맞추다'입니다.,QT02,PL04,PT01,PT0121,{'options': '맞히다 vs 맞추다'},2024-09-24T18:27:19.190130,2024-09-24T18:27:19.190130
다음 문장에서 문맥상 빈칸에 들어갈 적절한 단어를 적으세요,그녀는 내 생각을 정확히 _____ 수 있었다.,맞히다,'정답을 맞히다'는 정답을 알아내는 것이므로 정답은 '맞히다'입니다.,QT02,PL04,PT01,PT0121,{'options': '맞히다 vs 맞추다'},2024-09-24T18:27:19.190130,2024-09-24T18:27:19.190130
다음 문장에서 문맥상 빈칸에 들어갈 적절한 단어를 적으세요,나는 친구의 꿈을 이루기를 _____.,바라다,친구의 꿈을 이루기를 원하는 마음을 표현할 때 적합한 단어는 '바란다'이므로 정답은 '바라다'입니다.,QT02,PL05,PT01,PT0121,{'options': '바라다 vs 바래다'},2024-09-24T18:27:19.190130,2024-09-24T18:27:19.190130
다음 문장에서 문맥상 빈칸에 들어갈 적절한 단어를 적으세요,그는 항상 내가 잘되기를 _____.,바라다,'잘되기를 바란다'는 의미에서 사용된 것이므로 정답은 '바라다'입니다.,QT02,PL05,PT01,PT0121,{'options': '바라다 vs 바래다'},2024-09-24T18:27:19.190130,2024-09-24T18:27:19.190130
다음 문장에서 문맥상 빈칸에 들어갈 적절한 단어를 적으세요,나는 이 소원이 이루어지길 _____ 마음이다.,바라다,"'바라다'는 어떤 것이 이루어지기를 기대하거나 희망하는 것을 뜻하므로, 문장에서는 '이루어지길 바라다'가 적절합니다.",QT02,PL05,PT01,PT0121,{'options': '바라다 vs 바래다'},2024-09-24T18:27:19.190130,2024-09-24T18:27:19.190130
다음 문장에서 문맥상 빈칸에 들어갈 적절한 단어를 적으세요,나는 친구가 잘 되기를 _____다.,바라다,'바라다'는 어떤 소망이나 희망을 표현하는 동사이므로 문맥에 맞는 단어는 '바라다'입니다.,QT02,PL05,PT01,PT0121,{'options': '바라다 vs 바래다'},2024-09-24T18:27:19.190130,2024-09-24T18:27:19.190130
다음 문장에서 문맥상 빈칸에 들어갈 적절한 단어를 적으세요,그는 항상 친구의 성공을 _____고 있다.,바라다,'바라다'는 상대방의 성공이나 행복을 기원하는 뜻이므로 정답은 '바라다'입니다.,QT02,PL05,PT01,PT0121,{'options': '바라다 vs 바래다'},2024-09-24T18:27:19.190130,2024-09-24T18:27:19.190130
다음 문장에서 문맥상 빈칸에 들어갈 적절한 단어를 적으세요,그 친구가 잘되기를 _____ 마음이다.,바라다,잘되기를 '바라다'는 희망하는 것을 나타내므로 정답은 '바라다'입니다.,QT02,PL05,PT01,PT0121,{'options': '바라다 vs 바래다'},2024-09-24T18:27:19.190130,2024-09-24T18:27:19.190130
다음 문장에서 문맥상 빈칸에 들어갈 적절한 단어를 적으세요,아끼던 옷의 색이 ______.,바래다,바래다'는 볕이나 습기를 받아 색이 변하다의 뜻입니다,QT02,PL05,PT01,PT0121,{'options': '바라다 vs 바래다'},2024-09-24T18:27:19.190130,2024-09-24T18:27:19.190130
다음 문장에서 문맥상 빈칸에 들어갈 적절한 단어를 적으세요,나는 그녀의 뒷모습이 보이지 않을 때까지 집 앞에서 ____고 있었다.,바래다,바래다'는 중도까지 배웅하거나 바라보면서 보내다의 뜻입니다.,QT02,PL05,PT01,PT0121,{'options': '바라다 vs 바래다'},2024-09-24T18:27:19.190130,2024-09-24T18:27:19.190130
다음 문장에서 문맥상 빈칸에 들어갈 적절한 단어를 적으세요,그 친구를 집 앞까지 _____ 주었다.,바래다,바래다'는 중도까지 배웅하거나 바라보면서 보내다의 뜻입니다.,QT02,PL05,PT01,PT0121,{'options': '바라다 vs 바래다'},2024-09-24T18:27:19.190130,2024-09-24T18:27:19.190130
다음 문장에서 문맥상 빈칸에 들어갈 적절한 단어를 적으세요,"이별의 순간, 그녀는 그를 _____ 주며 슬퍼했다.",바래다,바래다'는 중도까지 배웅하거나 바라보면서 보내다의 뜻입니다.,QT02,PL05,PT01,PT0121,{'options': '바라다 vs 바래다'},2024-09-24T18:27:19.190130,2024-09-24T18:27:19.190130
다음 문장에서 문맥상 빈칸에 들어갈 적절한 단어를 적으세요,"친구가 먼 곳으로 떠나게 되어, 나는 그를 마지막까지 _____ 주었다",바래다,바래다'는 중도까지 배웅하거나 바라보면서 보내다의 뜻입니다.,QT02,PL05,PT01,PT0121,{'options': '바라다 vs 바래다'},2024-09-24T18:27:19.190130,2024-09-24T18:27:19.190130
다음 문장에서 문맥상 빈칸에 들어갈 적절한 단어를 적으세요,회의가 시작되는 _____에 늦지 않도록 준비해야 한다.,시각,회의가 시작되는 것은 특정한 순간을 의미하므로 '시각'이 적절합니다.,QT02,PL03,PT01,PT0121,{'options': '시각 vs 시간'},2024-09-24T18:27:19.190130,2024-09-24T18:27:19.190130
다음 문장에서 문맥상 빈칸에 들어갈 적절한 단어를 적으세요,회의는 오후 3시에 시작하므로 _____에 맞춰 준비하십시오.,시각,회의 시작을 특정한 순간에 맞춰 언급하고 있으므로 정답은 '시각'입니다.,QT02,PL03,PT01,PT0121,{'options': '시각 vs 시간'},2024-09-24T18:27:19.190130,2024-09-24T18:27:19.190130
다음 문장에서 문맥상 빈칸에 들어갈 적절한 단어를 적으세요,그 사건은 중요한 _____에 발생했다.,시각,특정 시점을 강조하는 상황에서는 '시각'이 적절하므로 정답은 '시각'입니다.,QT02,PL03,PT01,PT0121,{'options': '시각 vs 시간'},2024-09-24T18:27:19.190130,2024-09-24T18:27:19.190130
다음 문장에서 문맥상 빈칸에 들어갈 적절한 단어를 적으세요,정확한 _____을 파악하기 위해 시계를 확인했다.,시각,정확한 '시각'을 파악하기 위해 시계를 확인하는 것이므로 정답은 '시각'입니다.,QT02,PL03,PT01,PT0121,{'options': '시각 vs 시간'},2024-09-24T18:27:19.190130,2024-09-24T18:27:19.190130
다음 문장에서 문맥상 빈칸에 들어갈 적절한 단어를 적으세요,내가 도착한 _____은 이미 시작된 상태였다.,시각,회의가 시작되는 것은 특정한 순간을 의미하므로 '시각'이 적절합니다.,QT02,PL03,PT01,PT0121,{'options': '시각 vs 시간'},2024-09-24T18:27:19.191130,2024-09-24T18:27:19.191130
다음 문장에서 문맥상 빈칸에 들어갈 적절한 단어를 적으세요,이 일을 처리하는 데 _____이 필요하다.,시간,'시간'은 어떤 동작이나 사건이 발생하는 데 필요한 양을 의미하므로 정답은 '시간'입니다.,QT02,PL03,PT01,PT0121,{'options': '시각 vs 시간'},2024-09-24T18:27:19.191130,2024-09-24T18:27:19.191130
다음 문장에서 문맥상 빈칸에 들어갈 적절한 단어를 적으세요,오늘 수업은 몇 _____인지 확인해 보세요.,시간,몇 '시간'인지를 확인하는 것이므로 빈칸에는 '시간'이 들어갑니다.,QT02,PL03,PT01,PT0121,{'options': '시각 vs 시간'},2024-09-24T18:27:19.191130,2024-09-24T18:27:19.191130
다음 문장에서 문맥상 빈칸에 들어갈 적절한 단어를 적으세요,정해진 _____ 안에 이 일을 마쳐야 한다.,시간,'시간'은 특정한 구간이나 양을 나타내는 말이므로 정답은 '시간'입니다.,QT02,PL03,PT01,PT0121,{'options': '시각 vs 시간'},2024-09-24T18:27:19.191130,2024-09-24T18:27:19.191130
다음 문장에서 문맥상 빈칸에 들어갈 적절한 단어를 적으세요,우리는 약속된 _____에 학교에 모였다.,시간,약속된 내용에 따라 모이는 것은 '시간'이므로 정답은 '시간'입니다.,QT02,PL03,PT01,PT0121,{'options': '시각 vs 시간'},2024-09-24T18:27:19.191130,2024-09-24T18:27:19.191130
다음 문장에서 문맥상 빈칸에 들어갈 적절한 단어를 적으세요,우리는 서로의 _____을 아끼고 존중해야 한다.,시간,'시간'은 사건 사이의 간격이나 양을 나타내므로 정답은 '시간'입니다.,QT02,PL03,PT01,PT0121,{'options': '시각 vs 시간'},2024-09-24T18:27:19.191130,2024-09-24T18:27:19.191130
다음 문장에서 문맥상 빈칸에 들어갈 적절한 단어를 적으세요,농부는 수확한 _____을 마당에 널어 말렸다.,알갱이,'알갱이'는 곡식의 낟알이나 열매의 개수를 가리키므로 정답은 '알갱이'입니다.,QT02,PL02,PT01,PT0121,{'options': '알갱이 vs 알맹이'},2024-09-24T18:27:19.191130,2024-09-24T18:27:19.191130
다음 문장에서 문맥상 빈칸에 들어갈 적절한 단어를 적으세요,"우유를 끓일 때, 끓어오르는 _____이 생겼다.",알갱이,"우유를 끓일 때 생기는 것은 '알갱이'이며, 음식에서 특정한 상태를 나타내는데 적합한 단어입니다.",QT02,PL02,PT01,PT0121,{'options': '알갱이 vs 알맹이'},2024-09-24T18:27:19.191130,2024-09-24T18:27:19.191130
다음 문장에서 문맥상 빈칸에 들어갈 적절한 단어를 적으세요,쌀 _____을 이용해 맛있는 밥을 지었다.,알갱이,'알갱이'는 곡식의 낟알을 가리키므로 정답은 '알갱이'입니다.,QT02,PL02,PT01,PT0121,{'options': '알갱이 vs 알맹이'},2024-09-24T18:27:19.191130,2024-09-24T18:27:19.191130
다음 문장에서 문맥상 빈칸에 들어갈 적절한 단어를 적으세요,"사과를 잘게 썰어 잼을 만들었는데, 그 안에 작은 _____가 들어있다.",알갱이,작은 조각이나 덩어리를 나타내는 단어로 '알갱이'가 적절하므로 정답은 '알갱이'입니다.,QT02,PL02,PT01,PT0121,{'options': '알갱이 vs 알맹이'},2024-09-24T18:27:19.191130,2024-09-24T18:27:19.191130
다음 문장에서 문맥상 빈칸에 들어갈 적절한 단어를 적으세요,이 밀의 _____은 작고 흰색이다.,알갱이,'알갱이'는 곡식의 낟알을 의미하므로 정답은 '알갱이'입니다.,QT02,PL02,PT01,PT0121,{'options': '알갱이 vs 알맹이'},2024-09-24T18:27:19.191130,2024-09-24T18:27:19.191130
다음 문장에서 문맥상 빈칸에 들어갈 적절한 단어를 적으세요,작은 _____들이 바닥에 흩어져 있다.,알갱이,바닥에 흩어져 있는 작은 것은 '알갱이'이므로 정답은 '알갱이'입니다.,QT02,PL02,PT01,PT0121,{'options': '알갱이 vs 알맹이'},2024-09-24T18:27:19.191130,2024-09-24T18:27:19.191130
다음 문장에서 문맥상 빈칸에 들어갈 적절한 단어를 적으세요,맛있는 과자를 만들기 위해 _______을 준비했다.,알맹이,과자를 만들기 위해 필요한 것은 주로 '알맹이'이므로 정답은 '알맹이'입니다.,QT02,PL02,PT01,PT0121,{'options': '알갱이 vs 알맹이'},2024-09-24T18:27:19.191130,2024-09-24T18:27:19.191130
다음 문장에서 문맥상 빈칸에 들어갈 적절한 단어를 적으세요,과일의 속이 가득 찬 _____이 맛있다.,알맹이,과일의 속 부분을 가리키는 것은 '알맹이'이므로 정답은 '알맹이'입니다.,QT02,PL02,PT01,PT0121,{'options': '알갱이 vs 알맹이'},2024-09-24T18:27:19.191130,2024-09-24T18:27:19.191130
다음 문장에서 문맥상 빈칸에 들어갈 적절한 단어를 적으세요,껍질을 벗긴 과일의 _____은 매우 달콤하다.,알맹이,'알맹이'는 껍데기를 벗긴 속 부분을 의미하므로 정답은 '알맹이'입니다.,QT02,PL02,PT01,PT0121,{'options': '알갱이 vs 알맹이'},2024-09-24T18:27:19.191130,2024-09-24T18:27:19.191130
다음 문장에서 문맥상 빈칸에 들어갈 적절한 단어를 적으세요,모든 껍질이 벗겨진 후 _____만 남았다.,알맹이,'알맹이'는 물건의 속 부분을 가리키므로 정답은 '알맹이'입니다.,QT02,PL02,PT01,PT0121,{'options': '알갱이 vs 알맹이'},2024-09-24T18:27:19.191130,2024-09-24T18:27:19.191130
다음 문장에서 문맥상 빈칸에 들어갈 적절한 단어를 적으세요,나는 소중한 물건을 _____서 찾지 못하게 되었다.,잃어버리다,소중한 물건을 찾지 못하게 된 상황은 '잃어버리다'를 사용해야 하므로 정답은 '잃어버리다'입니다.,QT02,PL06,PT01,PT0121,{'options': '잃어버리다 vs 잊어버리다'},2024-09-24T18:27:19.191130,2024-09-24T18:27:19.191130
다음 문장에서 문맥상 빈칸에 들어갈 적절한 단어를 적으세요,학교에서 소중한 물건을 _____고 말았다.,잃어버리다,소중한 물건이 없어지는 상황에서는 '잃어버리다'가 맞으므로 정답은 '잃어버리다'입니다.,QT02,PL06,PT01,PT0121,{'options': '잃어버리다 vs 잊어버리다'},2024-09-24T18:27:19.191130,2024-09-24T18:27:19.191130
다음 문장에서 문맥상 빈칸에 들어갈 적절한 단어를 적으세요,어제 친구의 시계를 _____ 때문에 난감했다.,잃어버리다,중요한 물건을 찾지 못하는 상황을 표현할 때는 '잃어버리다'가 적합하므로 정답은 '잃어버리다'입니다.,QT02,PL06,PT01,PT0121,{'options': '잃어버리다 vs 잊어버리다'},2024-09-24T18:27:19.191130,2024-09-24T18:27:19.191130
다음 문장에서 문맥상 빈칸에 들어갈 적절한 단어를 적으세요,그는 여행 중 소중한 물건을 _____고 말았다.,잃어버렸다,여행 중에 물건을 찾아볼 수 없는 상태는 '잃어버리다'의 의미이므로 정답은 '잃어버렸다'입니다.,QT02,PL06,PT01,PT0121,{'options': '잃어버리다 vs 잊어버리다'},2024-09-24T18:27:19.191130,2024-09-24T18:27:19.191130
다음 문장에서 문맥상 빈칸에 들어갈 적절한 단어를 적으세요,마지막 페이지를 읽지 못하고 책을 _____었다.,잃어버리다,책을 잃어버린 상황이므로 정답은 '잃어버리다'입니다.,QT02,PL06,PT01,PT0121,{'options': '잃어버리다 vs 잊어버리다'},2024-09-24T18:27:19.191130,2024-09-24T18:27:19.191130
다음 문장에서 문맥상 빈칸에 들어갈 적절한 단어를 적으세요,그녀는 오래된 친구의 이름을 _____ 않았다.,잊어버리다,'잊어버리다'는 기억을 상실하는 것을 나타내므로 정답은 '잊어버리다'입니다.,QT02,PL06,PT01,PT0121,{'options': '잃어버리다 vs 잊어버리다'},2024-09-24T18:27:19.192131,2024-09-24T18:27:19.192131
다음 문장에서 문맥상 빈칸에 들어갈 적절한 단어를 적으세요,나는 중요한 약속을 해놓고 _____.,잊어버렸다,중요한 약속을 기억하지 못하는 것은 '잊어버리다'의 의미이므로 정답은 '잊어버렸다'입니다.,QT02,PL06,PT01,PT0121,{'options': '잃어버리다 vs 잊어버리다'},2024-09-24T18:27:19.192131,2024-09-24T18:27:19.192131
다음 문장에서 문맥상 빈칸에 들어갈 적절한 단어를 적으세요,자주 사용하는 비밀번호를 _____ 수가 있었다.,잊어버리다,'잊어버리다'는 무언가를 기억하지 못하는 것을 의미하므로 정답은 '잊어버리다'입니다.,QT02,PL06,PT01,PT0121,{'options': '잃어버리다 vs 잊어버리다'},2024-09-24T18:27:19.192131,2024-09-24T18:27:19.192131
다음 문장에서 문맥상 빈칸에 들어갈 적절한 단어를 적으세요,선생님이 말씀하신 내용을 _____ 미처 기억하지 못했다.,잊어버리다,'잊어버리다'는 어떤 정보를 잃어버리는 것을 의미하므로 정답은 '잊어버리다'입니다.,QT02,PL06,PT01,PT0121,{'options': '잃어버리다 vs 잊어버리다'},2024-09-24T18:27:19.192131,2024-09-24T18:27:19.192131
다음 문장에서 문맥상 빈칸에 들어갈 적절한 단어를 적으세요,중요한 약속을 _____ 해서 친구에게 미안하게 되었다.,잊어버리다,중요한 약속을 기억하지 못한 상황에서는 '잊어버리다'가 적절하므로 정답은 '잊어버리다'입니다.,QT02,PL06,PT01,PT0121,{'options': '잃어버리다 vs 잊어버리다'},2024-09-24T18:27:19.192131,2024-09-24T18:27:19.192131
다음 문장에서 문맥상 빈칸에 들어갈 적절한 단어를 적으세요,이 사과는 다른 사과들보다 _____.,작다,사과의 크기를 비교하는 문맥에서 '작다'가 적절하므로 정답은 '작다'입니다.,QT02,PL03,PT01,PT0121,{'options': '작다 vs 적다'},2024-09-24T18:27:19.192131,2024-09-24T18:27:19.192131
다음 문장에서 문맥상 빈칸에 들어갈 적절한 단어를 적으세요,이 상자는 매우 크기가 _____.,작다,상자의 크기를 나타내는 표현이므로 '작다'가 올바른 단어입니다.,QT02,PL03,PT01,PT0121,{'options': '작다 vs 적다'},2024-09-24T18:27:19.192131,2024-09-24T18:27:19.192131
다음 문장에서 문맥상 빈칸에 들어갈 적절한 단어를 적으세요,그 아기는 또래에 비해 많이 _____ 보인다.,작다,"사람이나 사물의 크기나 몸집을 나타낼 때 사용하는 형용사는 '작다'이며, 문맥상 크기를 비교하고 있으므로 정답은 '작다'입니다.",QT02,PL03,PT01,PT0121,{'options': '작다 vs 적다'},2024-09-24T18:27:19.192131,2024-09-24T18:27:19.192131
다음 문장에서 문맥상 빈칸에 들어갈 적절한 단어를 적으세요,그의 키는 반 친구들 중에서 가장 _____다.,작다,비교하는 문장에서 키의 크기를 표현할 때 '작다'가 적절하므로 정답은 '작다'입니다.,QT02,PL03,PT01,PT0121,{'options': '작다 vs 적다'},2024-09-24T18:27:19.192131,2024-09-24T18:27:19.192131
다음 문장에서 문맥상 빈칸에 들어갈 적절한 단어를 적으세요,그의 키는 친구들에 비해 매우 _____다.,작다,키는 크기를 나타내는 것으로 '작다'가 적절하므로 정답은 '작다'입니다.,QT02,PL03,PT01,PT0121,{'options': '작다 vs 적다'},2024-09-24T18:27:19.192131,2024-09-24T18:27:19.192131
다음 문장에서 문맥상 빈칸에 들어갈 적절한 단어를 적으세요,이 집은 내 집보다 _____.,작다,집의 크기를 비교할 때 사용되는 형용사는 '작다'이므로 정답은 '작다'입니다.,QT02,PL03,PT01,PT0121,{'options': '작다 vs 적다'},2024-09-24T18:27:19.192131,2024-09-24T18:27:19.192131
다음 문장에서 문맥상 빈칸에 들어갈 적절한 단어를 적으세요,이 문제는 너무 _____ 해서 풀기가 어렵다.,적다,문제가 풀기 어려운 경우는 '문제의 양이 적다'는 의미이므로 정답은 '적다'입니다.,QT02,PL03,PT01,PT0121,{'options': '작다 vs 적다'},2024-09-24T18:27:19.192131,2024-09-24T18:27:19.192131
다음 문장에서 문맥상 빈칸에 들어갈 적절한 단어를 적으세요,회의 내용을 메모하기 위해 내용을 _____.,작다,'적다'는 글이나 문장을 기록하는 것을 의미하므로 정답은 '적다'입니다.,QT02,PL03,PT01,PT0121,{'options': '작다 vs 적다'},2024-09-24T18:27:19.192131,2024-09-24T18:27:19.192131
다음 문장에서 문맥상 빈칸에 들어갈 적절한 단어를 적으세요,이번 프로젝트에 참여한 인원이 _____.,적다,참여 인원이 많지 않음을 의미하므로 정답은 '적다'입니다.,QT02,PL03,PT01,PT0121,{'options': '작다 vs 적다'},2024-09-24T18:27:19.192131,2024-09-24T18:27:19.192131
다음 문장에서 문맥상 빈칸에 들어갈 적절한 단어를 적으세요,상품의 재고가 _____ 판매하기에 어려움이 있다.,적다,물품의 수량이 부족함을 나타내므로 정답은 '적다'입니다.,QT02,PL03,PT01,PT0121,{'options': '작다 vs 적다'},2024-09-24T18:27:19.192131,2024-09-24T18:27:19.192131
다음 문장에서 문맥상 빈칸에 들어갈 적절한 단어를 적으세요,이번 학기 수업에 등록한 학생의 _____ 학급 운영이 힘들다.,적다,학생 수가 부족하다는 의미이므로 정답은 '적다'입니다.,QT02,PL03,PT01,PT0121,{'options': '작다 vs 적다'},2024-09-24T18:27:19.192131,2024-09-24T18:27:19.192131
다음 문장에서 문맥상 빈칸에 들어갈 적절한 단어를 적으세요,이론을 실습에 _____ 새로운 아이디어를 발전시킬 수 있다.,적용하다,이론을 실습에 사용하는 것은 '적용하다'의 의미이므로 정답은 '적용하다'입니다.,QT02,PL06,PT01,PT0121,{'options': '적용하다 vs 적응하다'},2024-09-24T18:27:19.193131,2024-09-24T18:27:19.193131
다음 문장에서 문맥상 빈칸에 들어갈 적절한 단어를 적으세요,새로운 규정을 회사에 _____ 해야 한다.,적용하다,'적용하다'는 특정한 규칙이나 절차를 실질적으로 사용하다는 의미로 사용됩니다.,QT02,PL06,PT01,PT0121,{'options': '적용하다 vs 적응하다'},2024-09-24T18:27:19.193131,2024-09-24T18:27:19.193131
다음 문장에서 문맥상 빈칸에 들어갈 적절한 단어를 적으세요,새로운 기술을 프로젝트에 _____ 더 많은 효율을 기대할 수 있다.,적용하다,프로젝트에 기술을 활용하는 것은 '적용하다'의 의미이므로 정답은 '적용하다'입니다.,QT02,PL06,PT01,PT0121,{'options': '적용하다 vs 적응하다'},2024-09-24T18:27:19.194130,2024-09-24T18:27:19.194130
다음 문장에서 문맥상 빈칸에 들어갈 적절한 단어를 적으세요,이 공식을 문제에 _____ 하면 해결할 수 있다.,적용하다,'적용하다'는 특정한 방법이나 지식을 문제에 맞게 사용한다는 의미입니다.,QT02,PL06,PT01,PT0121,{'options': '적용하다 vs 적응하다'},2024-09-24T18:27:19.194130,2024-09-24T18:27:19.194130
다음 문장에서 문맥상 빈칸에 들어갈 적절한 단어를 적으세요,새로운 기술을 배우기 위해 이를 실제 상황에 _____ 수 있어야 한다.,적용하다,기술을 실제 상황에 잘 활용하는 것은 '적용하다'라는 표현이 적절하므로 정답은 '적용하다'입니다.,QT02,PL06,PT01,PT0121,{'options': '적용하다 vs 적응하다'},2024-09-24T18:27:19.194130,2024-09-24T18:27:19.194130
다음 문장에서 문맥상 빈칸에 들어갈 적절한 단어를 적으세요,새로운 환경에 ____ 하기 위해서는 다양한 경험이 필요하다.,적응하다,새로운 환경에 맞추어 변화하는 것은 '적응'이므로 정답은 '적응'입니다.,QT02,PL06,PT01,PT0121,{'options': '적용하다 vs 적응하다'},2024-09-24T18:27:19.194130,2024-09-24T18:27:19.194130
다음 문장에서 문맥상 빈칸에 들어갈 적절한 단어를 적으세요,이제는 이곳의 기후에 _____ 수 있게 되었다.,적응하다,'적응하다'는 특정 환경이나 상황에 익숙해지는 것을 의미합니다.,QT02,PL06,PT01,PT0121,{'options': '적용하다 vs 적응하다'},2024-09-24T18:27:19.194130,2024-09-24T18:27:19.194130
다음 문장에서 문맥상 빈칸에 들어갈 적절한 단어를 적으세요,학생들은 새로운 교육 방식에 _____ 하는 데 시간이 필요하다.,적응하다,'적응하다'는 새로운 방식이나 환경에 맞게 행동을 바꾸는 것을 뜻합니다.,QT02,PL06,PT01,PT0121,{'options': '적용하다 vs 적응하다'},2024-09-24T18:27:19.194130,2024-09-24T18:27:19.194130
다음 문장에서 문맥상 빈칸에 들어갈 적절한 단어를 적으세요,그들은 새로운 문화에 _____ 하기 위해 다양한 경험을 했다.,적응하다,'적응하다'는 새로운 문화나 환경에 익숙해지려는 과정을 의미합니다.,QT02,PL06,PT01,PT0121,{'options': '적용하다 vs 적응하다'},2024-09-24T18:27:19.194130,2024-09-24T18:27:19.194130
다음 문장에서 문맥상 빈칸에 들어갈 적절한 단어를 적으세요,새로운 환경에 잘 _____ 필요가 있다.,적응하다,새로운 환경에 잘 맞추는 것은 '적응하다'에서 의미하므로 정답은 '적응하다'입니다.,QT02,PL06,PT01,PT0121,{'options': '적용하다 vs 적응하다'},2024-09-24T18:27:19.194130,2024-09-24T18:27:19.194130
다음 문장에서 문맥상 빈칸에 들어갈 적절한 단어를 적으세요,새로운 환경에 들어가서 빠르게 _____ 해야 했다.,적응하다,새로운 환경에 맞춰 변화해야 하는 것은 '적응'이므로 정답은 '적응하다'입니다.,QT02,PL06,PT01,PT0121,{'options': '적용하다 vs 적응하다'},2024-09-24T18:27:19.194130,2024-09-24T18:27:19.194130
다음 문장에서 문맥상 빈칸에 들어갈 적절한 단어를 적으세요,사람은 행복을 _____ 많은 노력을 기울인다.,좇다,'좇다'는 목표나 이상을 추구하는 것을 의미합니다.,QT02,PL05,PT01,PT0121,{'options': '좇다 vs 쫓다'},2024-09-24T18:27:19.194130,2024-09-24T18:27:19.194130
다음 문장에서 문맥상 빈칸에 들어갈 적절한 단어를 적으세요,그는 자신의 꿈을 _____ 수많은 어려움을 참고 극복했다.,좇다,자신의 꿈을 이루기 위해 다양한 노력과 참고 참고해야 한다는 문맥에서 '좇다'가 맞는 표현입니다.,QT02,PL05,PT01,PT0121,{'options': '좇다 vs 쫓다'},2024-09-24T18:27:19.194130,2024-09-24T18:27:19.194130
다음 문장에서 문맥상 빈칸에 들어갈 적절한 단어를 적으세요,그는 자신의 꿈을 _____ 하기로 결심했다,좇다,'좇다'는 목표나 이상을 추구하는 동작을 뜻합니다.,QT02,PL05,PT01,PT0121,{'options': '좇다 vs 쫓다'},2024-09-24T18:27:19.194130,2024-09-24T18:27:19.194130
다음 문장에서 문맥상 빈칸에 들어갈 적절한 단어를 적으세요,선생님은 학생들이 자신의 꿈을 _____ 수 있도록 도와주셨다.,좇다,꿈을 '좇다'는 자신의 목표나 연망을 위해 나아가는 행위를 의미하므로 정답은 '좇다'입니다.,QT02,PL05,PT01,PT0121,{'options': '좇다 vs 쫓다'},2024-09-24T18:27:19.194130,2024-09-24T18:27:19.194130
다음 문장에서 문맥상 빈칸에 들어갈 적절한 단어를 적으세요,그녀는 자신의 신념을 _____ 않는 삶을 살고 싶어 했다.,좇다,'좇다'는 규칙이나 관습을 따르며 삶을 살고자 하는 것을 나타냅니다.,QT02,PL05,PT01,PT0121,{'options': '좇다 vs 쫓다'},2024-09-24T18:27:19.194130,2024-09-24T18:27:19.194130
다음 문장에서 문맥상 빈칸에 들어갈 적절한 단어를 적으세요,그는 항상 자신의 목표를 _____ 대며 열심히 노력한다.,좇다,목표를 '좇다'는 의미로 사용되므로 정답은 '좇다'입니다.,QT02,PL05,PT01,PT0121,{'options': '좇다 vs 쫓다'},2024-09-24T18:27:19.194130,2024-09-24T18:27:19.194130
다음 문장에서 문맥상 빈칸에 들어갈 적절한 단어를 적으세요,경찰이 범인을 _____ 위해 열심히 수사를 했다.,쫓다,범인을 쫓는 것은 범죄 예방이나 체포를 위한 행동이므로 정답은 '쫓다'입니다.,QT02,PL05,PT01,PT0121,{'options': '좇다 vs 쫓다'},2024-09-24T18:27:19.194130,2024-09-24T18:27:19.194130
다음 문장에서 문맥상 빈칸에 들어갈 적절한 단어를 적으세요,잡념을 _____ 집중할 수 있도록 노력했다.,쫓다,'쫓다'는 마음의 잡념이나 방해 요소를 물리치는 행동을 의미합니다.,QT02,PL05,PT01,PT0121,{'options': '좇다 vs 쫓다'},2024-09-24T18:27:19.194130,2024-09-24T18:27:19.194130
다음 문장에서 문맥상 빈칸에 들어갈 적절한 단어를 적으세요,그녀는 악몽을 _____ 잠에서 깨었다.,쫓다,'쫓다'는 불편한 감정이나 생각을 물리치는 의미로 사용됩니다,QT02,PL05,PT01,PT0121,{'options': '좇다 vs 쫓다'},2024-09-24T18:27:19.194130,2024-09-24T18:27:19.194130
다음 문장에서 문맥상 빈칸에 들어갈 적절한 단어를 적으세요,사냥개가 토끼를 _____ 따라가고 있다.,쫓다,사냥개가 토끼를 따라가는 행동은 '쫓다'에 해당하므로 정답은 '쫓다'입니다.,QT02,PL05,PT01,PT0121,{'options': '좇다 vs 쫓다'},2024-09-24T18:27:19.194130,2024-09-24T18:27:19.194130
다음 문장에서 문맥상 빈칸에 들어갈 적절한 단어를 적으세요,사람들은 경찰의 도움을 받아 범인을 _____ 다.,쫓다,범인을 쫓는 것은 범죄자를 찾기 위한 행동이므로 정답은 '쫓다'입니다.,QT02,PL05,PT01,PT0121,{'options': '좇다 vs 쫓다'},2024-09-24T18:27:19.194130,2024-09-24T18:27:19.194130
다음 문장에서 문맥상 빈칸에 들어갈 적절한 단어를 적으세요,그는 기차역에서 길을 잃은 친구를 _____ 주었다.,쫓다,친구를 찾기 위해 따라가는 행위를 나타내는 것은 '쫓다'이므로 정답은 '쫓다'입니다.,QT02,PL05,PT01,PT0121,{'options': '좇다 vs 쫓다'},2024-09-24T18:27:19.194130,2024-09-24T18:27:19.194130
다음 문장에서 문맥상 빈칸에 들어갈 적절한 단어를 적으세요,너의 계산은 ____. 이제 다시 해보자.,틀리다,'틀리다'는 오류가 있음을 뜻하므로 정답은 '틀리다'입니다.,QT02,PL03,PT01,PT0121,{'options': '틀리다 vs 다르다'},2024-09-24T18:27:19.195129,2024-09-24T18:27:19.195129
다음 문장에서 문맥상 빈칸에 들어갈 적절한 단어를 적으세요,시험 문제에서 몇 개의 답이 ____ 나왔다.,틀리다,'틀리다'는 정확하지 않거나 오류가 있음을 의미하므로 정답은 '틀리다'입니다.,QT02,PL03,PT01,PT0121,{'options': '틀리다 vs 다르다'},2024-09-24T18:27:19.195129,2024-09-24T18:27:19.195129
다음 문장에서 문맥상 빈칸에 들어갈 적절한 단어를 적으세요,제 대답은 ____ 그래서 다시 설명해 주세요.,틀리다,'틀리다'는 맞지 않거나 오류가 있음을 나타내므로 정답은 '틀리다'입니다.,QT02,PL03,PT01,PT0121,{'options': '틀리다 vs 다르다'},2024-09-24T18:27:19.195129,2024-09-24T18:27:19.195129
다음 문장에서 문맥상 빈칸에 들어갈 적절한 단어를 적으세요,문제를 잘못 이해해서 ______.,틀리다,'틀리다'는 어떤 것의 정확성이나 올바름에서 벗어난 경우에 사용되므로 정답은 '틀리'입니다.,QT02,PL03,PT01,PT0121,{'options': '틀리다 vs 다르다'},2024-09-24T18:27:19.195129,2024-09-24T18:27:19.195129
다음 문장에서 문맥상 빈칸에 들어갈 적절한 단어를 적으세요,그의 답은 정확하지 않았다. 그는 문제를 _____.,틀리다,답이 정확하지 않다는 것은 '틀리다'는 뜻이므로 정답은 '틀리다'입니다.,QT02,PL03,PT01,PT0121,{'options': '틀리다 vs 다르다'},2024-09-24T18:27:19.195129,2024-09-24T18:27:19.195129
다음 문장에서 문맥상 빈칸에 들어갈 적절한 단어를 적으세요,"두 친구의 성격은 매우 _____, 그렇지만 잘 어울린다.",다르다,두 친구 성격이 서로 다른 경우에 적합한 표현이므로 정답은 '다르다'입니다.,QT02,PL03,PT01,PT0121,{'options': '틀리다 vs 다르다'},2024-09-24T18:27:19.195129,2024-09-24T18:27:19.195129
다음 문장에서 문맥상 빈칸에 들어갈 적절한 단어를 적으세요,이 두 사람은 같은 일을 하지만 서로의 생각은 _____.,다르다,서로의 생각이 같지 않을 때 사용되는 표현은 '다르다'이므로 정답은 '다르다'입니다.,QT02,PL03,PT01,PT0121,{'options': '틀리다 vs 다르다'},2024-09-24T18:27:19.195129,2024-09-24T18:27:19.195129
다음 문장에서 문맥상 빈칸에 들어갈 적절한 단어를 적으세요,이 두 작품은 주제나 형식이 _____.,다르다,주제나 형식이 각각 다른 경우를 설명할 때는 '다르다'를 사용하므로 정답은 '다르다'입니다.,QT02,PL03,PT01,PT0121,{'options': '틀리다 vs 다르다'},2024-09-24T18:27:19.195129,2024-09-24T18:27:19.195129
다음 문장에서 문맥상 빈칸에 들어갈 적절한 단어를 적으세요,그 사람과 나의 취향은 많이 _____ 그래서 오히려 함께 어울리기 좋다.,다르다,취향이 서로 다르기 때문에 함께 어울리기 좋은 상황을 표현하기 위해 '다르다'라는 단어가 적합합니다.,QT02,PL03,PT01,PT0121,{'options': '틀리다 vs 다르다'},2024-09-24T18:27:19.195129,2024-09-24T18:27:19.195129
다음 문장에서 문맥상 빈칸에 들어갈 적절한 단어를 적으세요,두 친구의 의견이 서로 _____서 쉽게 결론을 내리지 못했다.,다르다,의견이 서로 맞지 않는 경우에는 '다르다'를 사용하므로 정답은 '다르다'입니다.,QT02,PL03,PT01,PT0121,{'options': '틀리다 vs 다르다'},2024-09-24T18:27:19.195129,2024-09-24T18:27:19.195129
다음 문장에서 문맥상 빈칸에 들어갈 적절한 단어를 적으세요,이 두 사진은 색깔이 _____.,다르다,색깔이 서로 같지 않음을 나타내는 표현은 '다르다'이므로 정답은 '다르다'입니다.,QT02,PL03,PT01,PT0121,{'options': '틀리다 vs 다르다'},2024-09-24T18:27:19.195129,2024-09-24T18:27:19.195129
다음 문장에서 문맥상 빈칸에 들어갈 적절한 단어를 적으세요,그들은 지금 _____ 일을 하고 있으니 방해하지 말아 주세요.,한참,지금 몰두하여 일을 하고 있다는 의미에서 '한참'이 적절합니다.,QT02,PL05,PT01,PT0121,{'options': '한참 vs 한창'},2024-09-24T18:27:19.195129,2024-09-24T18:27:19.195129
다음 문장에서 문맥상 빈칸에 들어갈 적절한 단어를 적으세요,그 친구는 지금 _____ 공부하는 중이다.,한참,"'한참'은 오랜 시간 동안이라는 의미로, 문맥상 친구가 공부하고 있는 상황에 적절합니다.",QT02,PL05,PT01,PT0121,{'options': '한참 vs 한창'},2024-09-24T18:27:19.195129,2024-09-24T18:27:19.195129
다음 문장에서 문맥상 빈칸에 들어갈 적절한 단어를 적으세요,그는 공부를 _____ 하고 있어서 좋은 성적을 받고 있다.,한참,공부를 열심히 하고 있다는 의미에서 '한참'이 적절합니다.,QT02,PL05,PT01,PT0121,{'options': '한참 vs 한창'},2024-09-24T18:27:19.195129,2024-09-24T18:27:19.195129
다음 문장에서 문맥상 빈칸에 들어갈 적절한 단어를 적으세요,"국어 시간에 ____ 이야기를 하고 있을 때, 친구들이 열심히 집중하고 있었다.",한참,어떤 일을 하고 있는 시간이 길고 그 속에서 많은 열정과 집중이 요구될 때는 '한참'이 적절하므로 정답은 '한참'입니다.,QT02,PL05,PT01,PT0121,{'options': '한참 vs 한창'},2024-09-24T18:27:19.196130,2024-09-24T18:27:19.196130
다음 문장에서 문맥상 빈칸에 들어갈 적절한 단어를 적으세요,아이들이 운동장에서 뛰어놀고 있는 것은 정말 _____ 재미있다.,한창,'한창'은 어떤 일이 가장 열심히 진행되고 있는 때를 의미하므로 정답은 '한창'입니다.,QT02,PL05,PT01,PT0121,{'options': '한참 vs 한창'},2024-09-24T18:27:19.196130,2024-09-24T18:27:19.196130
다음 문장에서 문맥상 빈칸에 들어갈 적절한 단어를 적으세요,지금은 공부하기에 _____ 좋은 시기이다.,한창,무언가가 최상의 상태에 있을 때는 '한창'이라는 표현을 쓰므로 정답은 '한창'입니다.,QT02,PL05,PT01,PT0121,{'options': '한참 vs 한창'},2024-09-24T18:27:19.196130,2024-09-24T18:27:19.196130
다음 문장에서 문맥상 빈칸에 들어갈 적절한 단어를 적으세요,그는 지금 _____ 공부에 열중하고 있다.,한창,'한창'은 어떤 일이 한가운데에 있을 때 쓰이는 표현이므로 정답은 '한창'입니다.,QT02,PL05,PT01,PT0121,{'options': '한참 vs 한창'},2024-09-24T18:27:19.196130,2024-09-24T18:27:19.196130
다음 문장에서 문맥상 빈칸에 들어갈 적절한 단어를 적으세요,그는 시험 공부를 _____ 하고 있었다.,한창,'한창'은 어떤 일이 한편으로 진행되고 있음을 나타내므로 정답은 '한창'입니다.,QT02,PL05,PT01,PT0121,{'options': '한참 vs 한창'},2024-09-24T18:27:19.196130,2024-09-24T18:27:19.196130
다음 문장에서 문맥상 빈칸에 들어갈 적절한 단어를 적으세요,이 꽃은 지금 _____ 피고 있어서 아주 아름답다.,한창,꽃이 아름답게 피어 있는 상태를 나타내기 위해서는 '한창'이라는 단어가 적절하므로 정답은 '한창'입니다.,QT02,PL05,PT01,PT0121,{'options': '한참 vs 한창'},2024-09-24T18:27:19.196130,2024-09-24T18:27:19.196130
다음 문장에서 문맥상 빈칸에 들어갈 적절한 단어를 적으세요,아이들이 놀이터에서 _____ 놀고 있다.,한창,아이들이 활발하게 놀고 있는 상황을 나타내기 위해 '한창'이 적절합니다.,QT02,PL05,PT01,PT0121,{'options': '한참 vs 한창'},2024-09-24T18:27:19.196130,2024-09-24T18:27:19.196130
다음 문장에서 문맥상 빈칸에 들어갈 적절한 단어를 적으세요,그 사람은 우리에게 정말 중요한 _____가 있다.,가치,중요한 의미를 갖는 것은 '가치'이므로 정답은 '가치'입니다.,QT02,PL04,PT01,PT0121,{'options': '가치 vs 같이'},2024-09-24T18:27:19.196130,2024-09-24T18:27:19.196130
다음 문장에서 문맥상 빈칸에 들어갈 적절한 단어를 적으세요,그 사람은 모든 일에 최선을 다하며 _____를 중시한다.,가치,"모든 일에 최선을 다하는 것은 중요성을 나타내며, 이는 '가치'를 중시하는 의미와 관련이 있으므로 정답은 '가치'입니다.",QT02,PL04,PT01,PT0121,{'options': '가치 vs 같이'},2024-09-24T18:27:19.196130,2024-09-24T18:27:19.196130
다음 문장에서 문맥상 빈칸에 들어갈 적절한 단어를 적으세요,이 물건은 현재 시장에서 매우 높은 ____를 지닌다.,가치,"'가치'는 물건이나 사람의 소중함, 중요성을 나타내는 말이므로 정답은 '가치'입니다.",QT02,PL04,PT01,PT0121,{'options': '가치 vs 같이'},2024-09-24T18:27:19.196130,2024-09-24T18:27:19.196130
다음 문장에서 문맥상 빈칸에 들어갈 적절한 단어를 적으세요,그 그림은 예술적 ____가 매우 높다.,가치,'가치'는 어떤 것의 소중함이나 중요성을 나타내므로 정답은 '가치'입니다.,QT02,PL04,PT01,PT0121,{'options': '가치 vs 같이'},2024-09-24T18:27:19.196130,2024-09-24T18:27:19.196130
다음 문장에서 문맥상 빈칸에 들어갈 적절한 단어를 적으세요,우리는 서로의 _____를 존중해야 한다.,가치,'가치'는 서로의 중요성이나 존중을 나타내므로 정답은 '가치'입니다.,QT02,PL04,PT01,PT0121,{'options': '가치 vs 같이'},2024-09-24T18:27:19.196130,2024-09-24T18:27:19.196130
다음 문장에서 문맥상 빈칸에 들어갈 적절한 단어를 적으세요,시간은 돈으로 환산할 수 없는 중요한 ____이다.,가치,'가치'는 어떤 대상의 중요성이나 소중함을 나타내는 말이므로 정답은 '가치'입니다.,QT02,PL04,PT01,PT0121,{'options': '가치 vs 같이'},2024-09-24T18:27:19.196130,2024-09-24T18:27:19.196130
다음 문장에서 문맥상 빈칸에 들어갈 적절한 단어를 적으세요,가족들과 ____ 저녁을 먹었다.,같이,'같이'는 누군가와 동행하거나 함께하는 상황에서 사용되므로 정답은 '같이'입니다.,QT02,PL04,PT01,PT0121,{'options': '가치 vs 같이'},2024-09-24T18:27:19.196130,2024-09-24T18:27:19.196130
다음 문장에서 문맥상 빈칸에 들어갈 적절한 단어를 적으세요.,우리는 모두 _____에 어려움을 함께 극복해야 한다.,같이,"'같이'는 함께 한다는 의미로, 문맥에 맞는 적절한 단어입니다.",QT02,PL04,PT01,PT0121,{'options': '가치 vs 같이'},2024-09-24T18:27:19.196130,2024-09-24T18:27:19.196130
다음 문장에서 문맥상 빈칸에 들어갈 적절한 단어를 적으세요,우리는 문제를 함께 해결하기 위해 _____ 공부하기로 했다.,같이,"'같이'는 함께한다는 의미로, 문맥상 적절한 단어이기 때문에 정답은 '같이'입니다.",QT02,PL04,PT01,PT0121,{'options': '가치 vs 같이'},2024-09-24T18:27:19.196130,2024-09-24T18:27:19.196130
다음 문장에서 문맥상 빈칸에 들어갈 적절한 단어를 적으세요,우리는 함께 놀고 싶어서 _____ 놀이터에 갑니다.,같이,"'같이'는 함께라는 뜻으로, 문장에서 '같이'라는 단어가 필요하므로 정답은 '같이'입니다.",QT02,PL04,PT01,PT0121,{'options': '가치 vs 같이'},2024-09-24T18:27:19.196130,2024-09-24T18:27:19.196130
다음 문장에서 문맥상 빈칸에 들어갈 적절한 단어를 적으세요,우리는 함께 _____ 공부할 계획이다.,같이,'같이'는 함께 하는 의미를 가지므로 정답은 '같이'입니다.,QT02,PL04,PT01,PT0121,{'options': '가치 vs 같이'},2024-09-24T18:27:19.196130,2024-09-24T18:27:19.196130
다음 문장에서 문맥상 빈칸에 들어갈 적절한 단어를 적으세요,우리는 서로 의견을 나누며 _____ 힘의 중요성을 배웠다.,같이,'같이'는 함께 하는 의미를 담고 있어 문맥에 맞습니다.,QT02,PL04,PT01,PT0121,{'options': '가치 vs 같이'},2024-09-24T18:27:19.196130,2024-09-24T18:27:19.196130
다음 문장에서 문맥상 빈칸에 들어갈 적절한 단어를 적으세요,그는 방과 후 친구와 함께 놀러 _____.,갔다,'갔다'는 어떤 장소로 이동했다는 의미를 가지므로 정답은 '갔다'입니다.,QT02,PL02,PT01,PT0121,{'options': '갔다 vs 같다'},2024-09-24T18:27:19.196130,2024-09-24T18:27:19.196130
다음 문장에서 문맥상 빈칸에 들어갈 적절한 단어를 적으세요,나는 어제 친구 집에 _____ 왔다.,갔다,어제 친구 집에 가는 행위를 표현할 때는 '갔다'라는 형태가 적절하므로 정답은 '갔다'입니다.,QT02,PL02,PT01,PT0121,{'options': '갔다 vs 같다'},2024-09-24T18:27:19.196130,2024-09-24T18:27:19.196130
다음 문장에서 문맥상 빈칸에 들어갈 적절한 단어를 적으세요,친구와 함께 여행을 _____ 왔다.,갔다,여행을 다녀온 것을 표현할 때는 '갔다'가 적절하므로 정답은 '갔다'입니다.,QT02,PL02,PT01,PT0121,{'options': '갔다 vs 같다'},2024-09-24T18:27:19.196130,2024-09-24T18:27:19.196130
다음 문장에서 문맥상 빈칸에 들어갈 적절한 단어를 적으세요,어머니는 시장에 ____ 곧 돌아오실 것이다.,갔다,'갔다'는 어느 장소에 갔음을 나타내는 표현이므로 정답은 '갔다'입니다.,QT02,PL02,PT01,PT0121,{'options': '갔다 vs 같다'},2024-09-24T18:27:19.196130,2024-09-24T18:27:19.196130
다음 문장에서 문맥상 빈칸에 들어갈 적절한 단어를 적으세요,나는 친구와 함께 놀이터에 여러 번 ____.,갔다,'갔다'는 어떤 장소에 가는 동작을 나타내므로 문맥에 맞는 정답은 '갔다'입니다.,QT02,PL02,PT01,PT0121,{'options': '갔다 vs 같다'},2024-09-24T18:27:19.196130,2024-09-24T18:27:19.196130
다음 문장에서 문맥상 빈칸에 들어갈 적절한 단어를 적으세요,나는 어제 친구와 극장에 _____.,갔다,어제 친구와 어떤 장소에 간 과거의 행동을 나타내므로 정답은 '갔다'입니다.,QT02,PL02,PT01,PT0121,{'options': '갔다 vs 같다'},2024-09-24T18:27:19.197129,2024-09-24T18:27:19.197129
다음 문장에서 문맥상 빈칸에 들어갈 적절한 단어를 적으세요,그의 마음은 나의 마음과 _____.,같다,'같다'는 두 개체가 서로 비슷하거나 동일한 상태를 나타내므로 정답은 '같다'입니다.,QT02,PL02,PT01,PT0121,{'options': '갔다 vs 같다'},2024-09-24T18:27:19.197129,2024-09-24T18:27:19.197129
다음 문장에서 문맥상 빈칸에 들어갈 적절한 단어를 적으세요,그의 말은 나의 생각과 _____ 차이가 없었다.,같다,의미적으로 차이가 없다는 표현에 맞는 단어는 '같다'이므로 정답은 '같다'입니다.,QT02,PL02,PT01,PT0121,{'options': '갔다 vs 같다'},2024-09-24T18:27:19.197129,2024-09-24T18:27:19.197129
다음 문장에서 문맥상 빈칸에 들어갈 적절한 단어를 적으세요,이 두 개의 과자는 모양이 _____.,같다,모양이 비슷하다는 의미로 사용되므로 정답은 '같다'입니다.,QT02,PL02,PT01,PT0121,{'options': '갔다 vs 같다'},2024-09-24T18:27:19.197129,2024-09-24T18:27:19.197129
다음 문장에서 문맥상 빈칸에 들어갈 적절한 단어를 적으세요,그의 마음과 내 마음은 항상 _____.,같다,사람의 마음이 같은 상태를 나타내므로 정답은 '같다'입니다.,QT02,PL02,PT01,PT0121,{'options': '갔다 vs 같다'},2024-09-24T18:27:19.197129,2024-09-24T18:27:19.197129
다음 문장에서 문맥상 빈칸에 들어갈 적절한 단어를 적으세요,이번 시험 결과는 작년과 _____.,같다,시험 결과를 비교할 때 '같다'라는 표현이 적절하므로 정답은 '같다'입니다.,QT02,PL02,PT01,PT0121,{'options': '갔다 vs 같다'},2024-09-24T18:27:19.197129,2024-09-24T18:27:19.197129
다음 문장에서 문맥상 빈칸에 들어갈 적절한 단어를 적으세요,이 두 친구는 성격이 많이 _____ 보인다.,같다,성격이 유사하다는 의미로 '같다'가 적절하므로 정답은 '같다'입니다.,QT02,PL02,PT01,PT0121,{'options': '갔다 vs 같다'},2024-09-24T18:27:19.197129,2024-09-24T18:27:19.197129
다음 문장에서 문맥상 빈칸에 들어갈 적절한 단어를 적으세요,그 프로젝트는 많은 검토를 ____ 마무리되었다.,거치다,'거치다'는 검토나 확인 등의 절차를 겪거나 지나칠 때 쓰이는 표현이므로 정답은 '거치다'입니다.,QT02,PL03,PT01,PT0121,{'options': '거치다 vs 걷히다'},2024-09-24T18:27:19.197129,2024-09-24T18:27:19.197129
다음 문장에서 문맥상 빈칸에 들어갈 적절한 단어를 적으세요,논문은 심사 과정을 ____ 최종 제출되었다.,거치다,'거치다'는 과정이나 절차를 거쳐서 완성될 때 사용하는 표현이므로 정답은 '거치다'입니다.,QT02,PL03,PT01,PT0121,{'options': '거치다 vs 걷히다'},2024-09-24T18:27:19.197129,2024-09-24T18:27:19.197129
다음 문장에서 문맥상 빈칸에 들어갈 적절한 단어를 적으세요,그 계획은 여러 단계를 ____ 완성되었다.,거치다,'거치다'는 여러 과정이나 단계를 통과하거나 겪을 때 사용되므로 정답은 '거치다'입니다.,QT02,PL03,PT01,PT0121,{'options': '거치다 vs 걷히다'},2024-09-24T18:27:19.197129,2024-09-24T18:27:19.197129
다음 문장에서 문맥상 빈칸에 들어갈 적절한 단어를 적으세요,서울을 ____ 부산으로 가는 길이다.,거치다,'거치다'는 어떤 장소를 지나가거나 통과할 때 쓰이는 표현이므로 정답은 '거치다'입니다.,QT02,PL03,PT01,PT0121,{'options': '거치다 vs 걷히다'},2024-09-24T18:27:19.197129,2024-09-24T18:27:19.197129
다음 문장에서 문맥상 빈칸에 들어갈 적절한 단어를 적으세요,제작 과정에서 여러 단계에 _____ 필요한 부품들을 선택했다.,거치다,'거치다'는 특정한 단계나 과정을 거쳐야 한다는 의미로 사용되므로 정답은 '거치다'입니다.,QT02,PL03,PT01,PT0121,{'options': '거치다 vs 걷히다'},2024-09-24T18:27:19.197129,2024-09-24T18:27:19.197129
다음 문장에서 문맥상 빈칸에 들어갈 적절한 단어를 적으세요,비가 많이 온 후 하늘이 맑아지면서 구름이 ______.,걷히다,하늘의 구름이 흩어지는 상황을 설명할 때 '걷히다'를 사용하므로 정답은 '걷히다'입니다.,QT02,PL03,PT01,PT0121,{'options': '거치다 vs 걷히다'},2024-09-24T18:27:19.197129,2024-09-24T18:27:19.197129
다음 문장에서 문맥상 빈칸에 들어갈 적절한 단어를 적으세요,하늘에 끼었던 먹구름이 드디어 ____.,걷히다,'걷히다'는 먹구름이나 안개 등이 사라질 때 쓰는 표현이므로 정답은 '걷히다'입니다.,QT02,PL03,PT01,PT0121,{'options': '거치다 vs 걷히다'},2024-09-24T18:27:19.197129,2024-09-24T18:27:19.197129
다음 문장에서 문맥상 빈칸에 들어갈 적절한 단어를 적으세요,안개가 ____고 비로소 산이 보이기 시작했다.,걷히다,'걷히다'는 안개나 장애물이 사라지는 것을 뜻하므로 정답은 '걷히다'입니다.,QT02,PL03,PT01,PT0121,{'options': '거치다 vs 걷히다'},2024-09-24T18:27:19.197129,2024-09-24T18:27:19.197129
다음 문장에서 문맥상 빈칸에 들어갈 적절한 단어를 적으세요,비가 그치고 하늘이 맑아지자 구름이 _____고 시원한 바람이 불었다.,걷히다,구름이 사라지거나 없어지는 것을 나타내는 표현은 '걷히다'이므로 정답은 '걷히다'입니다.,QT02,PL03,PT01,PT0121,{'options': '거치다 vs 걷히다'},2024-09-24T18:27:19.197129,2024-09-24T18:27:19.197129
다음 문장에서 문맥상 빈칸에 들어갈 적절한 단어를 적으세요,겨울에 쌓인 눈이 조금씩 _____ 고 있다.,걷히다,겨울에 쌓인 눈이 사라지는 상황을 표현할 때 '걷히다'가 적합하므로 정답은 '걷히다'입니다.,QT02,PL03,PT01,PT0121,{'options': '거치다 vs 걷히다'},2024-09-24T18:27:19.197129,2024-09-24T18:27:19.197129
다음 문장에서 문맥상 빈칸에 들어갈 적절한 단어를 적으세요,비가 그치고 나서 하늘이 맑아지며 구름이 _____고 고요해졌다.,걷히다,구름이 비로 인해 흐렸다면 이제는 '걷히다'가 적절하므로 정답은 '걷히다'입니다.,QT02,PL03,PT01,PT0121,{'options': '거치다 vs 걷히다'},2024-09-24T18:27:19.197129,2024-09-24T18:27:19.197129
다음 문장에서 문맥상 빈칸에 들어갈 적절한 단어를 적으세요,"그는 기분이 좋지 않았지만, _____ 웃음을 지었다.",금세,'금세'는 아주 짧은 시간 후를 의미하므로 문맥에 맞는 단어는 '금세'입니다.,QT02,PL02,PT01,PT0121,{'options': '금새 vs 금세'},2024-09-24T18:27:19.198129,2024-09-24T18:27:19.198129
다음 문장에서 문맥상 빈칸에 들어갈 적절한 단어를 적으세요,"그가 얘기한 건 정말 믿기 어려운 일이었지만, 그는 _____ 내일 다시 오겠다고 했다.",금세,"'금세'는 짧은 시간이 지나서 곧이라는 뜻으로, 문맥상 내일 다시 오겠다는 의미에 맞습니다.",QT02,PL02,PT01,PT0121,{'options': '금새 vs 금세'},2024-09-24T18:27:19.198129,2024-09-24T18:27:19.198129
다음 문장에서 문맥상 빈칸에 들어갈 적절한 단어를 적으세요,그는 _____ 바람이 불기 시작할 것이라고 말했다.,금세,"'금세'는 '곧'이라는 의미로, 문맥상 적합한 표현이므로 정답은 '금세'입니다.",QT02,PL02,PT01,PT0121,{'options': '금새 vs 금세'},2024-09-24T18:27:19.198129,2024-09-24T18:27:19.198129
다음 문장에서 문맥상 빈칸에 들어갈 적절한 단어를 적으세요,수업이 끝나고 _____ 집에 갈 것이다.,금세,"'금세'는 '곧'이나 '금방'의 의미로, 수업이 끝난 후 곧 집에 간다는 문맥에 맞기 때문에 정답은 '금세'입니다.",QT02,PL02,PT01,PT0121,{'options': '금새 vs 금세'},2024-09-24T18:27:19.198129,2024-09-24T18:27:19.198129
다음 문장에서 문맥상 빈칸에 들어갈 적절한 단어를 적으세요,그는 식사를 하고 _____ 일어날 예정이다.,금세,"'금세'는 곧, 즉시를 의미하므로 정답은 '금세'입니다.",QT02,PL02,PT01,PT0121,{'options': '금새 vs 금세'},2024-09-24T18:27:19.198129,2024-09-24T18:27:19.198129
다음 문장에서 문맥상 빈칸에 들어갈 적절한 단어를 적으세요,그의 ____ 마음씨 덕분에 많은 사람들이 도움을 받았다.,깊다,'깊다'는 감정이나 마음이 풍부하고 진지한 상태를 의미하므로 정답은 '깊다'입니다.,QT02,PL01,PT01,PT0121,{'options': '깁다 vs 깊다'},2024-09-24T18:27:19.198129,2024-09-24T18:27:19.198129
다음 문장에서 문맥상 빈칸에 들어갈 적절한 단어를 적으세요,바다의 수심은 매우 _____다.,깊다,바다의 수심을 설명할 때 적절한 표현은 '깊다'이므로 정답은 '깊다'입니다.,QT02,PL01,PT01,PT0121,{'options': '깁다 vs 깊다'},2024-09-24T18:27:19.198129,2024-09-24T18:27:19.198129
다음 문장에서 문맥상 빈칸에 들어갈 적절한 단어를 적으세요,이 소설은 주제가 매우 ____서 여러 번 읽어야 이해할 수 있다.,깊다,'깊다'는 내용이나 생각이 복잡하고 심오함을 의미하므로 정답은 '깊다'입니다.,QT02,PL01,PT01,PT0121,{'options': '깁다 vs 깊다'},2024-09-24T18:27:19.198129,2024-09-24T18:27:19.198129
다음 문장에서 문맥상 빈칸에 들어갈 적절한 단어를 적으세요,숲 속에 ____ 들어가자 더 이상 햇빛이 잘 들지 않았다.,깊다,'깊다'는 장소가 멀리 떨어져 있거나 중심부에 가까운 상태를 뜻하므로 정답은 '깊다'입니다.,QT02,PL01,PT01,PT0121,{'options': '깁다 vs 깊다'},2024-09-24T18:27:19.199132,2024-09-24T18:27:19.199132
다음 문장에서 문맥상 빈칸에 들어갈 적절한 단어를 적으세요,바다의 _____ 곳에서 수영을 하는 것은 위험하다.,깊다,바다의 안전한 수영을 위해서는 '깊은' 곳에서 수영하는 것에 주의해야 하므로 정답은 '깊은'입니다.,QT02,PL01,PT01,PT0121,{'options': '깁다 vs 깊다'},2024-09-24T18:27:19.199132,2024-09-24T18:27:19.199132
다음 문장에서 문맥상 빈칸에 들어갈 적절한 단어를 적으세요,그 강은 매우 _____ 해서 물속이 보이지 않았다.,깊다,강의 상태를 나타낼 때 '깊다'가 적합하므로 정답은 '깊다'입니다.,QT02,PL01,PT01,PT0121,{'options': '깁다 vs 깊다'},2024-09-24T18:27:19.199132,2024-09-24T18:27:19.199132
다음 문장에서 문맥상 빈칸에 들어갈 적절한 단어를 적으세요,그의 걸음이 너무 _____ 보인다.,느리다,'걸음'과 관련된 문장에서는 속도를 나타내는 '느리다'가 적절하므로 정답은 '느리다'입니다.,QT02,PL04,PT01,PT0121,{'options': '느리다 vs 늘이다'},2024-09-24T18:27:19.199132,2024-09-24T18:27:19.199132
다음 문장에서 문맥상 빈칸에 들어갈 적절한 단어를 적으세요,자동차가 고장 나서 속도가 ____.,느리다,'느리다'는 속도가 빠르지 않다는 의미이므로 정답은 '느리다'입니다.,QT02,PL04,PT01,PT0121,{'options': '느리다 vs 늘이다'},2024-09-24T18:27:19.199132,2024-09-24T18:27:19.199132
다음 문장에서 문맥상 빈칸에 들어갈 적절한 단어를 적으세요,컴퓨터가 너무 ____서 작업하는 데 시간이 오래 걸린다.,느리다,'느리다'는 처리 속도가 더디다는 뜻이므로 정답은 '느리다'입니다.,QT02,PL04,PT01,PT0121,{'options': '느리다 vs 늘이다'},2024-09-24T18:27:19.199132,2024-09-24T18:27:19.199132
다음 문장에서 문맥상 빈칸에 들어갈 적절한 단어를 적으세요,어린아이는 아직 글을 읽는 속도가 ____.,느리다,'느리다'는 무언가를 하는 속도가 빠르지 않다는 의미로 사용되므로 정답은 '느리다'입니다.,QT02,PL04,PT01,PT0121,{'options': '느리다 vs 늘이다'},2024-09-24T18:27:19.199132,2024-09-24T18:27:19.199132
다음 문장에서 문맥상 빈칸에 들어갈 적절한 단어를 적으세요,기차가 _____ 예정보다 늦게 도착했다.,느리다,'느리다'는 예상보다 시간이 오래 걸렸을 때 사용되므로 정답은 '느리다'입니다.,QT02,PL04,PT01,PT0121,{'options': '느리다 vs 늘이다'},2024-09-24T18:27:19.199132,2024-09-24T18:27:19.199132
다음 문장에서 문맥상 빈칸에 들어갈 적절한 단어를 적으세요,그의 발걸음은 너무 _____ 보였다.,느리다,발걸음이 빠르지 않고 천천히 옮겨갈 때 사용하는 말이므로 정답은 '느리다'입니다.,QT02,PL04,PT01,PT0121,{'options': '느리다 vs 늘이다'},2024-09-24T18:27:19.199132,2024-09-24T18:27:19.199132
다음 문장에서 문맥상 빈칸에 들어갈 적절한 단어를 적으세요,그의 차는 다른 차들보다 속도가 _____ 때문에 뒤처졌다.,느리다,속도가 늦어져서 결과적으로 뒤처졌음을 나타내므로 정답은 '느리다'입니다.,QT02,PL04,PT01,PT0121,{'options': '느리다 vs 늘이다'},2024-09-24T18:27:19.199132,2024-09-24T18:27:19.199132
다음 문장에서 문맥상 빈칸에 들어갈 적절한 단어를 적으세요,운동을 하면서 스트레칭을 할 때 다리를 ____ 주세요.,늘이다,'늘이다'는 신체를 길게 뻗거나 늘리는 것을 의미하므로 정답은 '늘이다'입니다.,QT02,PL04,PT01,PT0121,{'options': '느리다 vs 늘이다'},2024-09-24T18:27:19.199132,2024-09-24T18:27:19.199132
다음 문장에서 문맥상 빈칸에 들어갈 적절한 단어를 적으세요,머리끈이 너무 짧아서 조금 더 ____ 필요가 있어.,늘이다,'늘이다'는 길이를 연장하는 것을 뜻하므로 정답은 '늘이다'입니다.,QT02,PL04,PT01,PT0121,{'options': '느리다 vs 늘이다'},2024-09-24T18:27:19.199132,2024-09-24T18:27:19.199132
다음 문장에서 문맥상 빈칸에 들어갈 적절한 단어를 적으세요,이 운동은 근육을 _______ 위한 효과가 있다.,늘이다,'근육을 늘이다'라는 표현이 운동의 효과와 잘 어울리므로 정답은 '늘이다'입니다.,QT02,PL04,PT01,PT0121,{'options': '느리다 vs 늘이다'},2024-09-24T18:27:19.199132,2024-09-24T18:27:19.199132
다음 문장에서 문맥상 빈칸에 들어갈 적절한 단어를 적으세요,밧줄을 더 ____서 물건을 고정하자.,늘이다,'늘이다'는 길이를 더 길게 한다는 의미를 담고 있어 정답은 '늘이다'입니다.,QT02,PL04,PT01,PT0121,{'options': '느리다 vs 늘이다'},2024-09-24T18:27:19.199132,2024-09-24T18:27:19.199132
다음 문장에서 문맥상 빈칸에 들어갈 적절한 단어를 적으세요,열심히 공부해서 실력을 _____ 위해 노력하고 있다.,늘이다,성적을 향상시키기 위해서는 '늘이다'라는 표현이 맞으므로 정답은 '늘이다'입니다.,QT02,PL04,PT01,PT0121,{'options': '느리다 vs 늘이다'},2024-09-24T18:27:19.199132,2024-09-24T18:27:19.199132
다음 문장에서 문맥상 빈칸에 들어갈 적절한 단어를 적으세요,네가 푼 수학 문제가 정확히 ____.,맞다,맞다'는 답이 정확하거나 옳을 때 사용되므로 정답은 '맞다'입니다.,QT02,PL03,PT01,PT0121,{'options': '맞다 vs 맡다'},2024-09-24T18:27:19.199132,2024-09-24T18:27:19.199132
다음 문장에서 문맥상 빈칸에 들어갈 적절한 단어를 적으세요,비가 많이 와서 옷이 다 젖고 말았네. 우산을 가져왔으면 ___지 않았을 텐데.,맞다,"맞다'는 비, 바람 등을 몸으로 받는다는 뜻에서 사용됩니다.",QT02,PL03,PT01,PT0121,{'options': '맞다 vs 맡다'},2024-09-24T18:27:19.199132,2024-09-24T18:27:19.199132
다음 문장에서 문맥상 빈칸에 들어갈 적절한 단어를 적으세요,친구가 던진 공에 얼굴을 ____.,맞다,'맞다'는 공이나 물체가 몸에 부딪히는 상황을 나타낼 때 사용되므로 정답은 '맞다'입니다.,QT02,PL03,PT01,PT0121,{'options': '맞다 vs 맡다'},2024-09-24T18:27:19.199132,2024-09-24T18:27:19.199132
다음 문장에서 문맥상 빈칸에 들어갈 적절한 단어를 적으세요,이 문제는 정답이 _____다는 것을 확신한다.,맞다,정답이 있다는 것은 '맞다'라는 의미이므로 정답은 '맞다'입니다.,QT02,PL03,PT01,PT0121,{'options': '맞다 vs 맡다'},2024-09-24T18:27:19.199132,2024-09-24T18:27:19.199132
다음 문장에서 문맥상 빈칸에 들어갈 적절한 단어를 적으세요,오늘 입은 옷이 날씨와 딱 ____.,맞다,'맞다'는 상황에 적합하다는 의미로 사용되므로 정답은 '맞다'입니다.,QT02,PL03,PT01,PT0121,{'options': '맞다 vs 맡다'},2024-09-24T18:27:19.199132,2024-09-24T18:27:19.199132
다음 문장에서 문맥상 빈칸에 들어갈 적절한 단어를 적으세요,나는 저 사람과 의견이 잘 ____.,맞다,'맞다'는 생각이나 의견이 일치하거나 조화를 이룬다는 뜻으로 사용되므로 정답은 '맞다'입니다.,QT02,PL03,PT01,PT0121,{'options': '맞다 vs 맡다'},2024-09-24T18:27:19.199132,2024-09-24T18:27:19.199132
다음 문장에서 문맥상 빈칸에 들어갈 적절한 단어를 적으세요,그는 중요한 업무를 _____았다.,맡다,중요한 업무를 수행하는 것은 '맡다'의 의미에 해당하므로 정답은 '맡다'입니다.,QT02,PL03,PT01,PT0121,{'options': '맞다 vs 맡다'},2024-09-24T18:27:19.199132,2024-09-24T18:27:19.199132
다음 문장에서 문맥상 빈칸에 들어갈 적절한 단어를 적으세요,여러 가지 일들을 _____ 고맙게 생각하고 있다.,맡다,여러 가지 일을 '맡아'서 고마움을 느끼는 것과 관련이 있으므로 정답은 '맡아'입니다.,QT02,PL03,PT01,PT0121,{'options': '맞다 vs 맡다'},2024-09-24T18:27:19.199132,2024-09-24T18:27:19.199132
다음 문장에서 문맥상 빈칸에 들어갈 적절한 단어를 적으세요,그는 친구의 역할을 대신해서 잘 _____.,맡다,잘 관리하거나 지키는 것은 '맡다'이므로 정답은 '맡다'입니다.,QT02,PL03,PT01,PT0121,{'options': '맞다 vs 맡다'},2024-09-24T18:27:19.200130,2024-09-24T18:27:19.200130
다음 문장에서 문맥상 빈칸에 들어갈 적절한 단어를 적으세요,그 일은 내가 _____ 수 있도록 부탁했다.,맡다,'맡다'는 어떤 일을 책임지거나 담당한다는 의미이므로 정답은 '맡다'입니다.,QT02,PL03,PT01,PT0121,{'options': '맞다 vs 맡다'},2024-09-24T18:27:19.200130,2024-09-24T18:27:19.200130
다음 문장에서 문맥상 빈칸에 들어갈 적절한 단어를 적으세요,그 프로젝트를 _____ 수 있는 인재를 찾고 있습니다.,맡다,프로젝트를 책임지고 진행하는 것을 '맡다'라고 표현하므로 정답은 '맡다'입니다.,QT02,PL03,PT01,PT0121,{'options': '맞다 vs 맡다'},2024-09-24T18:27:19.200130,2024-09-24T18:27:19.200130
다음 문장에서 문맥상 빈칸에 들어갈 적절한 단어를 적으세요,나라를 위해 목숨을 ____ 영웅들의 이야기를 들었다.,바치다,'바치다'는 큰 헌신이나 희생을 의미하므로 정답은 '바치다'입니다.,QT02,PL05,PT01,PT0121,{'options': '바치다 vs 받치다'},2024-09-24T18:27:19.200130,2024-09-24T18:27:19.200130
다음 문장에서 문맥상 빈칸에 들어갈 적절한 단어를 적으세요,농부들은 수확한 곡식을 신에게 ____며 풍년을 기원했다.,바치다,'바치다'는 곡식이나 제물을 신에게 드리는 것을 의미하므로 정답은 '바치다'입니다.,QT02,PL05,PT01,PT0121,{'options': '바치다 vs 받치다'},2024-09-24T18:27:19.200130,2024-09-24T18:27:19.200130
다음 문장에서 문맥상 빈칸에 들어갈 적절한 단어를 적으세요,학생들은 스승님께 감사의 마음을 담은 편지를 ____.,바치다,바치다'는 존경하는 사람에게 선물이나 편지를 드리는 의미이므로 정답은 '바치다'입니다.,QT02,PL05,PT01,PT0121,{'options': '바치다 vs 받치다'},2024-09-24T18:27:19.200130,2024-09-24T18:27:19.200130
다음 문장에서 문맥상 빈칸에 들어갈 적절한 단어를 적으세요,그는 신에게 제물을 _____다.,바치다,제물은 '바치다'라는 의미로 사용되므로 정답은 '바치다'입니다.,QT02,PL05,PT01,PT0121,{'options': '바치다 vs 받치다'},2024-09-24T18:27:19.200130,2024-09-24T18:27:19.200130
다음 문장에서 문맥상 빈칸에 들어갈 적절한 단어를 적으세요,어버이날이 다가오자 우리는 부모님께 감사의 마음을 담아 선물을 _____.,바치다,"'바치다'는 존경과 감사의 마음을 전하면서 무엇을 드린다는 의미로, 문맥상 부모님께 드린 선물이므로 정답은 '바쳤다'입니다.",QT02,PL05,PT01,PT0121,{'options': '바치다 vs 받치다'},2024-09-24T18:27:19.200130,2024-09-24T18:27:19.200130
다음 문장에서 문맥상 빈칸에 들어갈 적절한 단어를 적으세요,건물을 짓기 위해 기둥으로 바닥을 _____ 두었다.,받치다,"'받치다'는 무엇을 지지하거나 고정하는 의미로 사용되므로, 책을 책상 위에 두는 상황에서 적합한 표현입니다.",QT02,PL05,PT01,PT0121,{'options': '바치다 vs 받치다'},2024-09-24T18:27:19.200130,2024-09-24T18:27:19.200130
다음 문장에서 문맥상 빈칸에 들어갈 적절한 단어를 적으세요,물체를 고정하기 위해 아래에서 _____ 기둥을 세웠다.,받치다,'받치다'는 물체를 지탱하거나 지지하는 의미이므로 정답은 '받치다'입니다.,QT02,PL05,PT01,PT0121,{'options': '바치다 vs 받치다'},2024-09-24T18:27:19.200130,2024-09-24T18:27:19.200130
다음 문장에서 문맥상 빈칸에 들어갈 적절한 단어를 적으세요,책상을 흔들리지 않게 _____ 책을 두 개 올려놓았다.,받치다,책상을 고정하기 위해 무언가를 아래에 두는 것은 '받치다'의 의미이므로 정답은 '받치다'입니다.,QT02,PL05,PT01,PT0121,{'options': '바치다 vs 받치다'},2024-09-24T18:27:19.200130,2024-09-24T18:27:19.200130
다음 문장에서 문맥상 빈칸에 들어갈 적절한 단어를 적으세요,책상이 흔들리지 않도록 책을 _____ 주었다.,받치다,'받치다'는 어떤 것을 지탱하게 하거나 안정시키는 의미로 사용되므로 정답은 '받치다'입니다.,QT02,PL05,PT01,PT0121,{'options': '바치다 vs 받치다'},2024-09-24T18:27:19.201130,2024-09-24T18:27:19.201130
다음 문장에서 문맥상 빈칸에 들어갈 적절한 단어를 적으세요,책이 넘어지지 않도록 _____ 책을 쌓아두었다.,받치다,'받치다'는 물건이 넘어지지 않도록 지탱하는 것을 의미하므로 정답은 '받치다'입니다.,QT02,PL05,PT01,PT0121,{'options': '바치다 vs 받치다'},2024-09-24T18:27:19.201130,2024-09-24T18:27:19.201130
다음 문장에서 문맥상 빈칸에 들어갈 적절한 단어를 적으세요,서류를 안정적으로 고정하기 위해 받침을 놓아 ______.,받치다,'받침'은 고정하거나 지지하는 역할을 하므로 문맥에 맞습니다.,QT02,PL05,PT01,PT0121,{'options': '바치다 vs 받치다'},2024-09-24T18:27:19.201130,2024-09-24T18:27:19.201130
다음 문장에서 문맥상 빈칸에 들어갈 적절한 단어를 적으세요,그는 친구에게 _____고 이야기를 믿게 만들었다.,속다,누군가를 속여서 믿게 만드는 상황이므로 정답은 '속'입니다.,QT02,PL01,PT01,PT0121,{'options': '속다 vs 솎다'},2024-09-24T18:27:19.201130,2024-09-24T18:27:19.201130
다음 문장에서 문맥상 빈칸에 들어갈 적절한 단어를 적으세요,그는 나를 _____고 말았다.,속다,"문맥상 '속다'는 누군가에게 속았다는 의미로, 적절히 들어갈 수 있는 단어입니다.",QT02,PL01,PT01,PT0121,{'options': '속다 vs 솎다'},2024-09-24T18:27:19.201130,2024-09-24T18:27:19.201130
다음 문장에서 문맥상 빈칸에 들어갈 적절한 단어를 적으세요,사람들은 그의 솔직한 이야기에 _____ 기분이 들었다.,속다,상대방의 말에 헷갈리거나 믿게 되는 상황을 나타내기 때문에 정답은 '속다'입니다.,QT02,PL01,PT01,PT0121,{'options': '속다 vs 솎다'},2024-09-24T18:27:19.201130,2024-09-24T18:27:19.201130
다음 문장에서 문맥상 빈칸에 들어갈 적절한 단어를 적으세요.,그는 친구에게 _____에 속아 돈을 잃었다.,속다,사람이 누구에게 속거나 기만당하는 상황을 표현하기에 '속다'가 적절하므로 정답은 '속다'입니다.,QT02,PL01,PT01,PT0121,{'options': '속다 vs 솎다'},2024-09-24T18:27:19.201130,2024-09-24T18:27:19.201130
다음 문장에서 문맥상 빈칸에 들어갈 적절한 단어를 적으세요,그는 다른 사람에게 _____ 문제로 혼란을 주었다.,속다,'속다'는 다른 사람에게 잘못된 정보를 주어 혼란을 일으키는 상황을 나타내므로 정답은 '속다'입니다.,QT02,PL01,PT01,PT0121,{'options': '속다 vs 솎다'},2024-09-24T18:27:19.201130,2024-09-24T18:27:19.201130
다음 문장에서 문맥상 빈칸에 들어갈 적절한 단어를 적으세요,밭에서 여유 있는 식물을 _____ 주어 다른 식물들이 잘 자라도록 했다.,솎다,'솎다'는 식물 중에서 여유 있는 것을 제거하여 나머지가 잘 자라도록 하는 행위를 의미하므로 정답은 '솎다'입니다.,QT02,PL01,PT01,PT0121,{'options': '속다 vs 솎다'},2024-09-24T18:27:19.201130,2024-09-24T18:27:19.201130
다음 문장에서 문맥상 빈칸에 들어갈 적절한 단어를 적으세요,농부는 작물 사이에서 잡초를 제거하기 위해 _____을 하였다.,솎다,작물 사이에서 잡초를 제거하는 행위는 '솎다'이므로 정답은 '솎다'입니다.,QT02,PL01,PT01,PT0121,{'options': '속다 vs 솎다'},2024-09-24T18:27:19.201130,2024-09-24T18:27:19.201130
다음 문장에서 문맥상 빈칸에 들어갈 적절한 단어를 적으세요,정원을 정리하기 위해 꽃을 _____ 주었다.,솎다,'솎다'는 꽃이나 식물을 줄여서 정리하는 행위를 나타내므로 정답은 '솎다'입니다.,QT02,PL01,PT01,PT0121,{'options': '속다 vs 솎다'},2024-09-24T18:27:19.201130,2024-09-24T18:27:19.201130
다음 문장에서 문맥상 빈칸에 들어갈 적절한 단어를 적으세요,"농사에서는 많은 식물들이 자라는 동안, 건강한 식물만 ____ 주었다.",솎다,식물의 성장 과정에서 필요 없는 것을 제거하는 행동은 '솎다'이므로 정답은 '솎아'입니다.,QT02,PL01,PT01,PT0121,{'options': '속다 vs 솎다'},2024-09-24T18:27:19.202131,2024-09-24T18:27:19.202131
다음 문장에서 문맥상 빈칸에 들어갈 적절한 단어를 적으세요,정원에서 잡초를 _____고 나니 꽃들이 더 잘 자라기 시작했다.,솎다,잡초를 제거하여 공간을 넓히고 다른 식물의 성장을 돕는 행위는 '솎다'이므로 정답은 '솎았다'입니다.,QT02,PL01,PT01,PT0121,{'options': '속다 vs 솎다'},2024-09-24T18:27:19.202131,2024-09-24T18:27:19.202131
다음 문장에서 문맥상 빈칸에 들어갈 적절한 단어를 적으세요,정원에서 꽃들이 너무 많이 자라서 _____를 하기로 결정했다.,솎다,'솎다'는 식물의 일부를 제거하여 더 잘 자라도록 하는 것을 의미하므로 정답은 '솎다'입니다.,QT02,PL01,PT01,PT0121,{'options': '속다 vs 솎다'},2024-09-24T18:27:19.202131,2024-09-24T18:27:19.202131
다음 문장에서 문맥상 빈칸에 들어갈 적절한 단어를 적으세요,선생님이 학생들에게 숙제를 _____.,시키다,학생들에게 숙제를 하는 것을 '시키다'는 의미이므로 정답은 '시키다'입니다.,QT02,PL03,PT01,PT0121,{'options': '시키다 vs 식히다'},2024-09-24T18:27:19.202131,2024-09-24T18:27:19.202131
다음 문장에서 문맥상 빈칸에 들어갈 적절한 단어를 적으세요,교사는 학생들에게 발표를 ____.,시키다,'시키다'는 학생에게 특정 행동을 요구하는 의미이므로 정답은 '시키다'입니다.,QT02,PL03,PT01,PT0121,{'options': '시키다 vs 식히다'},2024-09-24T18:27:19.202131,2024-09-24T18:27:19.202131
다음 문장에서 문맥상 빈칸에 들어갈 적절한 단어를 적으세요,부모님은 나에게 정리정돈을 ____,시키다,'시키다'는 특정 행동을 하도록 하는 의미이므로 정답은 '시키다'입니다.,QT02,PL03,PT01,PT0121,{'options': '시키다 vs 식히다'},2024-09-24T18:27:19.202131,2024-09-24T18:27:19.202131
다음 문장에서 문맥상 빈칸에 들어갈 적절한 단어를 적으세요,사장님은 직원에게 일을 _____.,시키다,다른 사람에게 일을 하도록 요구하는 것은 '시키다'이므로 정답은 '시키다'입니다.,QT02,PL03,PT01,PT0121,{'options': '시키다 vs 식히다'},2024-09-24T18:27:19.202131,2024-09-24T18:27:19.202131
다음 문장에서 문맥상 빈칸에 들어갈 적절한 단어를 적으세요,그는 동생에게 집안일을 _____.,시키다,"'시키다'는 누군가에게 어떤 일을 하게 하라는 의미로, 동생에게 집안일을 부탁한 상황에 적절한 단어입니다.",QT02,PL03,PT01,PT0121,{'options': '시키다 vs 식히다'},2024-09-24T18:27:19.202131,2024-09-24T18:27:19.202131
다음 문장에서 문맥상 빈칸에 들어갈 적절한 단어를 적으세요,뜨거운 물을 ____고 싶어요.,식히다,'식히다'는 뜨거운 것이 차가워지도록 만드는 의미이므로 정답은 '식히다'입니다.,QT02,PL03,PT01,PT0121,{'options': '시키다 vs 식히다'},2024-09-24T18:27:19.202131,2024-09-24T18:27:19.202131
다음 문장에서 문맥상 빈칸에 들어갈 적절한 단어를 적으세요,운동 후 땀을 ____고 샤워를 했다.,식히다,'식히다'는 땀이나 열을 차분하게 만드는 의미이므로 정답은 '식히다'입니다.,QT02,PL03,PT01,PT0121,{'options': '시키다 vs 식히다'},2024-09-24T18:27:19.202131,2024-09-24T18:27:19.202131
다음 문장에서 문맥상 빈칸에 들어갈 적절한 단어를 적으세요,요리를 한 뒤에는 잠시 ____어야 맛이 좋다.,식히다,'식히다'는 요리가 뜨거운 상태에서 식도록 하는 의미이므로 정답은 '식히다'입니다.,QT02,PL03,PT01,PT0121,{'options': '시키다 vs 식히다'},2024-09-24T18:27:19.202131,2024-09-24T18:27:19.202131
다음 문장에서 문맥상 빈칸에 들어갈 적절한 단어를 적으세요,뜨거운 음식을 ______ 위해 상온에 놓아두었다.,식히다,음식을 식히는 행동에 해당하는 것은 '식히다'이므로 정답은 '식히다'입니다.,QT02,PL03,PT01,PT0121,{'options': '시키다 vs 식히다'},2024-09-24T18:27:19.202131,2024-09-24T18:27:19.202131
다음 문장에서 문맥상 빈칸에 들어갈 적절한 단어를 적으세요,수프가 너무 뜨거워서 ________ 두었다.,식히다,음식을 차갑게 만드는 것은 '식히다'이므로 정답은 '식히다'입니다.,QT02,PL03,PT01,PT0121,{'options': '시키다 vs 식히다'},2024-09-24T18:27:19.202131,2024-09-24T18:27:19.202131
다음 문장에서 문맥상 빈칸에 들어갈 적절한 단어를 적으세요,너무 걱정돼서 _____ 라고 소리쳤다.,어떡해,'어떡해'는 방법이나 대처를 물어보는 상황에서 쓰이는 표현이므로 정답은 '어떡해'입니다.,QT02,PL02,PT01,PT0121,{'options': '어떡해 vs 어떻게'},2024-09-24T18:27:19.203131,2024-09-24T18:27:19.203131
다음 문장에서 문맥상 빈칸에 들어갈 적절한 단어를 적으세요,"갑자기 비가 와서 우산을 안 가지고 나왔는데, _____?",어떡해,어떡해는 상황에 대한 당황이나 난처함을 표현하므로 정답은 '어떡해'입니다.,QT02,PL02,PT01,PT0121,{'options': '어떡해 vs 어떻게'},2024-09-24T18:27:19.203131,2024-09-24T18:27:19.203131
다음 문장에서 문맥상 빈칸에 들어갈 적절한 단어를 적으세요,"시험에 떨어졌는데, 이제 _____?",어떡해,"'어떡해'는 상황에 대한 고민이나 망설임을 나타내며, 여기서 기분이 안 좋다는 상황과 잘 어울리므로 정답은 '어떡해'입니다.",QT02,PL02,PT01,PT0121,{'options': '어떡해 vs 어떻게'},2024-09-24T18:27:19.203131,2024-09-24T18:27:19.203131
다음 문장에서 문맥상 빈칸에 들어갈 적절한 단어를 적으세요,아이가 엉엉 울며 _____ 라고 소리쳤다.,어떡해,난감한 상황에서의 대처를 묻고 있으므로 정답은 '어떡해'입니다.,QT02,PL02,PT01,PT0121,{'options': '어떡해 vs 어떻게'},2024-09-24T18:27:19.203131,2024-09-24T18:27:19.203131
다음 문장에서 문맥상 빈칸에 들어갈 적절한 단어를 적으세요,길을 잃어버린 아이가 큰 소리로 _____ 라고 외쳤다.,어떻게,길을 잃어버린 상황에서 '어떻게'라는 질문을 하며 외치는 것이 자연스므로 정답은 '어떻게'입니다.,QT02,PL02,PT01,PT0121,{'options': '어떡해 vs 어떻게'},2024-09-24T18:27:19.203131,2024-09-24T18:27:19.203131
다음 문장에서 문맥상 빈칸에 들어갈 적절한 단어를 적으세요,이 문제는 너무 어려워서 _____ 해야 할지 모르겠어.,어떻게,어떤 방법이나 절차를 묻는 표현이므로 정답은 '어떻게'입니다.,QT02,PL02,PT01,PT0121,{'options': '어떡해 vs 어떻게'},2024-09-24T18:27:19.203131,2024-09-24T18:27:19.203131
다음 문장에서 문맥상 빈칸에 들어갈 적절한 단어를 적으세요,"이제 시간도 없는데, _____ 하지?",어떻게,상황을 물을 때 사용하는 표현이므로 정답은 '어떻게'입니다.,QT02,PL02,PT01,PT0121,{'options': '어떡해 vs 어떻게'},2024-09-24T18:27:19.203131,2024-09-24T18:27:19.203131
다음 문장에서 문맥상 빈칸에 들어갈 적절한 단어를 적으세요,"친구가 갑자기 아프다니, 나는 _____ 해야 할지 모르겠다.",어떻게,상황에 대한 방법이나 물음을 나타내는 '어떻게'가 적합하므로 정답은 '어떻게'입니다.,QT02,PL02,PT01,PT0121,{'options': '어떡해 vs 어떻게'},2024-09-24T18:27:19.203131,2024-09-24T18:27:19.203131
다음 문장에서 문맥상 빈칸에 들어갈 적절한 단어를 적으세요,"그를 어떻게 도와줄 수 있을까? 잘 모르겠어, _____ 해야 할지 고민이야.",어떻게,문맥상 '어떻게'는 방법을 물어보는 질문이므로 정답은 '어떻게'입니다.,QT02,PL02,PT01,PT0121,{'options': '어떡해 vs 어떻게'},2024-09-24T18:27:19.203131,2024-09-24T18:27:19.203131
다음 문장에서 문맥상 빈칸에 들어갈 적절한 단어를 적으세요,친구와 함께 놀고 난 후 _____ 집에 가기로 했다.,이따가,'이따가'는 나중을 의미하므로 문맥상 적절합니다.,QT02,PL04,PT01,PT0121,{'options': '이따가 vs 있다가'},2024-09-24T18:27:19.203131,2024-09-24T18:27:19.203131
다음 문장에서 문맥상 빈칸에 들어갈 적절한 단어를 적으세요,친구와 점심을 먹고 _____ 다시 만나기로 했다.,이따가,"'이따가'는 '조금 지난 후에, 나중에'라는 의미이므로 정답은 '이따가'입니다.",QT02,PL04,PT01,PT0121,{'options': '이따가 vs 있다가'},2024-09-24T18:27:19.203131,2024-09-24T18:27:19.203131
다음 문장에서 문맥상 빈칸에 들어갈 적절한 단어를 적으세요,친구와 약속이 있어서 _____ 나중에 만날 거예요.,이따가,'이따가'는 나중이나 조금 후를 의미하므로 정답은 '이따가'입니다.,QT02,PL04,PT01,PT0121,{'options': '이따가 vs 있다가'},2024-09-24T18:27:19.203131,2024-09-24T18:27:19.203131
다음 문장에서 문맥상 빈칸에 들어갈 적절한 단어를 적으세요,숙제를 마친 후에 _____ 게임을 하기로 했다.,이따가,'이따가'는 '조금 지난 후에'를 나타내므로 정답은 '이따가'입니다.,QT02,PL04,PT01,PT0121,{'options': '이따가 vs 있다가'},2024-09-24T18:27:19.203131,2024-09-24T18:27:19.203131
다음 문장에서 문맥상 빈칸에 들어갈 적절한 단어를 적으세요,영화를 보고 _____ 후에 커피를 마시자.,이따가,'이따가'는 '나중에'를 의미하므로 정답은 '이따가'입니다.,QT02,PL04,PT01,PT0121,{'options': '이따가 vs 있다가'},2024-09-24T18:27:19.203131,2024-09-24T18:27:19.203131
다음 문장에서 문맥상 빈칸에 들어갈 적절한 단어를 적으세요,일이 끝나고 _____ 다시 연락할게.,이따가,'이따가'는 '조금 후에'의 뜻이므로 정답은 '이따가'입니다.,QT02,PL04,PT01,PT0121,{'options': '이따가 vs 있다가'},2024-09-24T18:27:19.203131,2024-09-24T18:27:19.203131
다음 문장에서 문맥상 빈칸에 들어갈 적절한 단어를 적으세요,우리 집에서 놀다가 친구 집에 가 _____ 다시 올 거예요.,있다가,'있다가'는 특정한 장소나 상황에 존재하는 상태를 나타내므로 정답은 '있다가'입니다.,QT02,PL04,PT01,PT0121,{'options': '이따가 vs 있다가'},2024-09-24T18:27:19.203131,2024-09-24T18:27:19.203131
다음 문장에서 문맥상 빈칸에 들어갈 적절한 단어를 적으세요,서울에 며칠 더 _____ 부산으로 내려갈 예정이다.,있다가,'있다가'는 '상태를 유지하다'는 의미로 사용되므로 정답은 '있다가'입니다.,QT02,PL04,PT01,PT0121,{'options': '이따가 vs 있다가'},2024-09-24T18:27:19.203131,2024-09-24T18:27:19.203131
다음 문장에서 문맥상 빈칸에 들어갈 적절한 단어를 적으세요,숙소에서 조금 더 _____ 출발할 예정입니다.,있다가,'있다가'는 '상태를 유지하다'는 의미로 사용되므로 정답은 '있다가'입니다.,QT02,PL04,PT01,PT0121,{'options': '이따가 vs 있다가'},2024-09-24T18:27:19.203131,2024-09-24T18:27:19.203131
다음 문장에서 문맥상 빈칸에 들어갈 적절한 단어를 적으세요,우리는 도서관에 _____ 친구들을 만났다.,있다가,'있다가'는 어떤 동작이 진행되는 중에 다른 일이 일어날 때 사용되므로 정답은 '있다가'입니다.,QT02,PL04,PT01,PT0121,{'options': '이따가 vs 있다가'},2024-09-24T18:27:19.203131,2024-09-24T18:27:19.203131
다음 문장에서 문맥상 빈칸에 들어갈 적절한 단어를 적으세요,고기를 양념에 _____ 맛을 배게 했다.,조리다,'조리다'는 고기 등에 양념을 배게 하는 과정을 의미하므로 정답은 '조리다'입니다.,QT02,PL05,PT01,PT0121,{'options': '조리다 vs 졸이다'},2024-09-24T18:27:19.203131,2024-09-24T18:27:19.203131
다음 문장에서 문맥상 빈칸에 들어갈 적절한 단어를 적으세요,과일을 설탕에 _____ 잼을 만들었다.,조리다,'조리다'는 식물의 열매에 단맛을 배게 하는 것을 의미하므로 정답은 '조리다'입니다.,QT02,PL05,PT01,PT0121,{'options': '조리다 vs 졸이다'},2024-09-24T18:27:19.204130,2024-09-24T18:27:19.204130
다음 문장에서 문맥상 빈칸에 들어갈 적절한 단어를 적으세요,특별한 소스를 만들기 위해 재료를 _____.,조리다,'조리다'는 재료에 양념을 배게 하는 과정을 설명하므로 정답은 '조리다'입니다.,QT02,PL05,PT01,PT0121,{'options': '조리다 vs 졸이다'},2024-09-24T18:27:19.204130,2024-09-24T18:27:19.204130
다음 문장에서 문맥상 빈칸에 들어갈 적절한 단어를 적으세요,음식의 국물을 걸쭉하게 만들기 위해 재료를 _____었다.,조리다,'조리다'는 음식을 만들 때 국물이나 재료를 졸이는 것을 의미하므로 정답은 '조리'입니다.,QT02,PL05,PT01,PT0121,{'options': '조리다 vs 졸이다'},2024-09-24T18:27:19.204130,2024-09-24T18:27:19.204130
다음 문장에서 문맥상 빈칸에 들어갈 적절한 단어를 적으세요,음식을 만들기 위해 재료를 _____ 위에 넣었다.,조리다,음식을 만들기 위해 재료를 가열하거나 가공하는 과정이므로 정답은 '조리다'입니다.,QT02,PL05,PT01,PT0121,{'options': '조리다 vs 졸이다'},2024-09-24T18:27:19.204130,2024-09-24T18:27:19.204130
다음 문장에서 문맥상 빈칸에 들어갈 적절한 단어를 적으세요,그녀는 고기를 미리 _____ 맛있게 구워졌다.,조리다,'조리다'는 고기에 양념을 배게 하는 것을 의미하므로 정답은 '조리다'입니다.,QT02,PL05,PT01,PT0121,{'options': '조리다 vs 졸이다'},2024-09-24T18:27:19.204130,2024-09-24T18:27:19.204130
다음 문장에서 문맥상 빈칸에 들어갈 적절한 단어를 적으세요,찌개를 끓이면서 물을 조금씩 _____ 국물이 진해졌다.,졸이다,'졸이다'는 찌개 등의 물을 증발시키는 과정을 의미하므로 정답은 '졸이다'입니다.,QT02,PL05,PT01,PT0121,{'options': '조리다 vs 졸이다'},2024-09-24T18:27:19.204130,2024-09-24T18:27:19.204130
다음 문장에서 문맥상 빈칸에 들어갈 적절한 단어를 적으세요,국물의 농도를 맞추기 위해 찌개를 _____ 마시기 좋은 상태로 만들었다.,졸이다,'국물의 농도를 맞추기 위해 찌개를 졸이다'라는 표현이 어울리므로 정답은 '졸이다'입니다.,QT02,PL05,PT01,PT0121,{'options': '조리다 vs 졸이다'},2024-09-24T18:27:19.204130,2024-09-24T18:27:19.204130
다음 문장에서 문맥상 빈칸에 들어갈 적절한 단어를 적으세요,시험 결과가 안 나와서 마음이 _____ 초조해졌다.,졸이다,'졸이다'는 애가 타서 마음이 초조해지는 것을 의미하므로 정답은 '졸이다'입니다.,QT02,PL05,PT01,PT0121,{'options': '조리다 vs 졸이다'},2024-09-24T18:27:19.204130,2024-09-24T18:27:19.204130
다음 문장에서 문맥상 빈칸에 들어갈 적절한 단어를 적으세요,국을 만들 때 재료를 ________ 물과 함께 끓인다.,졸이다,국을 만들 때 재료를 물과 함께 덜 끓여서 농축시키는 것은 '졸이다'이므로 정답은 '졸이다'입니다.,QT02,PL05,PT01,PT0121,{'options': '조리다 vs 졸이다'},2024-09-24T18:27:19.204130,2024-09-24T18:27:19.204130
다음 문장에서 문맥상 빈칸에 들어갈 적절한 단어를 적으세요,그는 중요한 발표를 앞두고 마음이 _____.,졸이다,'졸이다'는 긴장감으로 마음이 불안해지는 것을 의미하므로 정답은 '졸이다'입니다.,QT02,PL05,PT01,PT0121,{'options': '조리다 vs 졸이다'},2024-09-24T18:27:19.204130,2024-09-24T18:27:19.204130
다음 문장에서 문맥상 빈칸에 들어갈 적절한 단어를 적으세요,국물의 맛을 더욱 깊게 하기 위해 재료를 _____ 고소하게 끓였다.,졸이다,국물의 맛을 깊게 하려면 재료를 '졸이다'고 표현하므로 정답은 '졸이다'입니다.,QT02,PL05,PT01,PT0121,{'options': '조리다 vs 졸이다'},2024-09-24T18:27:19.204130,2024-09-24T18:27:19.204130
다음 문장에서 문맥상 빈칸에 들어갈 적절한 단어를 적으세요,방을 _____ 청소하여 기분이 상쾌해졌다.,깨끗이,"'깨끗이'는 '깨끗하다'의 부사형으로, 청소한 상태를 묘사하는 데 적합하므로 정답은 '깨끗이'입니다.",QT02,PL06,PT01,PT0121,{'options': '깨끗이 vs 깨끗히'},2024-09-24T18:27:19.204130,2024-09-24T18:27:19.204130
다음 문장에서 문맥상 빈칸에 들어갈 적절한 단어를 적으세요,손을 _____ 씻어야 질병을 예방할 수 있습니다.,깨끗이,깨끗이'가 적절한 표현이므로 정답은 '깨끗이'입니다.,QT02,PL06,PT01,PT0121,{'options': '깨끗이 vs 깨끗히'},2024-09-24T18:27:19.204130,2024-09-24T18:27:19.204130
다음 문장에서 문맥상 빈칸에 들어갈 적절한 단어를 적으세요,방을 정리한 후에 _____ 청소기를 돌렸다.,깨끗이,'깨끗이'는 상태를 잘 나타내는 부사로 방을 청소하는 과정을 표현할 때 적절합니다.,QT02,PL06,PT01,PT0121,{'options': '깨끗이 vs 깨끗히'},2024-09-24T18:27:19.204130,2024-09-24T18:27:19.204130
다음 문장에서 문맥상 빈칸에 들어갈 적절한 단어를 적으세요,이 실험을 진행하기 위해서는 기구를 _____ 소독해야 한다.,깨끗이,'깨끗이'는 소독의 중요성을 강조하므로 정답은 '깨끗이'입니다.,QT02,PL06,PT01,PT0121,{'options': '깨끗이 vs 깨끗히'},2024-09-24T18:27:19.204130,2024-09-24T18:27:19.204130
다음 문장에서 문맥상 빈칸에 들어갈 적절한 단어를 적으세요,방을 정리한 후에는 항상 _____ 청소를 해야 한다.,깨끗이,방을 정리한 후에는 '깨끗이' 청소해야 하므로 정답은 '깨끗이'입니다.,QT02,PL06,PT01,PT0121,{'options': '깨끗이 vs 깨끗히'},2024-09-24T18:27:19.204130,2024-09-24T18:27:19.204130
다음 문장에서 문맥상 빈칸에 들어갈 적절한 단어를 적으세요,그녀는 문제를 _____ 해결해서 모두를 놀라게 했다.,깨끗이,'깨끗이'는 문제 해결이 명확하게 이루어졌음을 의미하므로 정답은 '깨끗이'입니다.,QT02,PL06,PT01,PT0121,{'options': '깨끗이 vs 깨끗히'},2024-09-24T18:27:19.204130,2024-09-24T18:27:19.204130
다음 문장에서 문맥상 빈칸에 들어갈 적절한 단어를 적으세요,그는 꿈을 _____ 많은 사람들에게 전하고 싶었다.,담다,'담다'는 꿈이나 감정을 넣거나 표현하는 의미이므로 정답은 '담다'입니다.,QT02,PL04,PT01,PT0121,{'options': '담다 vs 담그다'},2024-09-24T18:27:19.205130,2024-09-24T18:27:19.205130
다음 문장에서 문맥상 빈칸에 들어갈 적절한 단어를 적으세요,그녀는 가방에 중요한 서류를 _____.,담다,서류를 가방에 넣는 것은 '담다'의 의미이므로 정답은 '담다'입니다.,QT02,PL04,PT01,PT0121,{'options': '담다 vs 담그다'},2024-09-24T18:27:19.205130,2024-09-24T18:27:19.205130
다음 문장에서 문맥상 빈칸에 들어갈 적절한 단어를 적으세요,음식을 그릇에 _____ 맛있게 차렸다.,담다,'담다'는 음식을 그릇에 넣는 것을 의미하므로 정답은 '담다'입니다.,QT02,PL04,PT01,PT0121,{'options': '담다 vs 담그다'},2024-09-24T18:27:19.205130,2024-09-24T18:27:19.205130
다음 문장에서 문맥상 빈칸에 들어갈 적절한 단어를 적으세요,그녀는 편지를 봉투에 _____ 주소를 적었다.,담다,'담다'는 편지를 넣는 행위를 설명하기에 적합하므로 정답은 '담다'입니다.,QT02,PL04,PT01,PT0121,{'options': '담다 vs 담그다'},2024-09-24T18:27:19.205130,2024-09-24T18:27:19.205130
다음 문장에서 문맥상 빈칸에 들어갈 적절한 단어를 적으세요,우리는 생각을 _____ 좋은 아이디어를 만들었다.,담다,'담다'는 생각을 포함하는 의미로 사용되므로 정답은 '담다'입니다.,QT02,PL04,PT01,PT0121,{'options': '담다 vs 담그다'},2024-09-24T18:27:19.205130,2024-09-24T18:27:19.205130
다음 문장에서 문맥상 빈칸에 들어갈 적절한 단어를 적으세요,그녀는 소중한 추억을 상자에 _____ 했다.,담다,'담다'는 어떤 것을 넣어 넣는 행위를 의미하므로 정답은 '담다'입니다.,QT02,PL04,PT01,PT0121,{'options': '담다 vs 담그다'},2024-09-24T18:27:19.205130,2024-09-24T18:27:19.205130
다음 문장에서 문맥상 빈칸에 들어갈 적절한 단어를 적으세요,우리는 함께 김장을 하기 위해 배추를 _____었다.,담그다,김장을 할 때 배추를 소금에 절이는 것은 '담그다'의 의미이므로 정답은 '담그'입니다.,QT02,PL04,PT01,PT0121,{'options': '담다 vs 담그다'},2024-09-24T18:27:19.205130,2024-09-24T18:27:19.205130
다음 문장에서 문맥상 빈칸에 들어갈 적절한 단어를 적으세요,과일을 설탕물에 _____ 달콤한 맛을 더했다.,담그다,'담그다'는 물이나 액체에 넣는 것을 의미하므로 정답은 '담그다'입니다.,QT02,PL04,PT01,PT0121,{'options': '담다 vs 담그다'},2024-09-24T18:27:19.205130,2024-09-24T18:27:19.205130
다음 문장에서 문맥상 빈칸에 들어갈 적절한 단어를 적으세요,차가운 물에 손을 _____ 시원하게 했다.,담그다,'담그다'는 손을 물에 넣는 것을 의미하므로 정답은 '담그다'입니다.,QT02,PL04,PT01,PT0121,{'options': '담다 vs 담그다'},2024-09-24T18:27:19.205130,2024-09-24T18:27:19.205130
다음 문장에서 문맥상 빈칸에 들어갈 적절한 단어를 적으세요,올해 겨울에 먹을 김치를 만들기 위해 배추를 소금물에 _____ 한다.,담그다,'김치를 만들기 위해 배추를 넣는' 행위는 '담그다'의 의미로 사용되므로 정답은 '담가'입니다.,QT02,PL04,PT01,PT0121,{'options': '담다 vs 담그다'},2024-09-24T18:27:19.205130,2024-09-24T18:27:19.205130
다음 문장에서 문맥상 빈칸에 들어갈 적절한 단어를 적으세요,채소를 소금물에 _____ 비린내를 없앴다.,담그다,'담그다'는 채소를 소금물에 넣는 행위를 설명하기에 적합하므로 정답은 '담그다'입니다.,QT02,PL04,PT01,PT0121,{'options': '담다 vs 담그다'},2024-09-24T18:27:19.205130,2024-09-24T18:27:19.205130
다음 문장에서 문맥상 빈칸에 들어갈 적절한 단어를 적으세요,이번 달에는 중요한 일이 많아서 _____ 동안 준비해야 한다.,며칠,특정 기간이 아닌 여러 날을 의미할 때는 '며칠'이 적절하므로 정답은 '며칠'입니다.,QT02,PL01,PT01,PT0121,{'options': '몇 일 vs 며칠'},2024-09-24T18:27:19.206130,2024-09-24T18:27:19.206130
다음 문장에서 문맥상 빈칸에 들어갈 적절한 단어를 적으세요,우리가 만나는 날은 _____이에요?,며칠,일수를 물어보는 문맥에서 적절한 단어는 '며칠'이므로 정답은 '며칠'입니다.,QT02,PL01,PT01,PT0121,{'options': '몇 일 vs 며칠'},2024-09-24T18:27:19.206130,2024-09-24T18:27:19.206130
다음 문장에서 문맥상 빈칸에 들어갈 적절한 단어를 적으세요,휴가를 떠나기 전에 _____ 동안 준비해야 한다.,며칠,'며칠'은 특정한 날 수를 물어보는 표현이므로 정답은 '며칠'입니다.,QT02,PL01,PT01,PT0121,{'options': '몇 일 vs 며칠'},2024-09-24T18:27:19.206130,2024-09-24T18:27:19.206130
다음 문장에서 문맥상 빈칸에 들어갈 적절한 단어를 적으세요,상담 예약은 _____ 전까지 완료해야 한다.,며칠,'며칠'은 날짜를 계산할 때 적합한 표현이므로 정답은 '며칠'입니다.,QT02,PL01,PT01,PT0121,{'options': '몇 일 vs 며칠'},2024-09-24T18:27:19.206130,2024-09-24T18:27:19.206130
다음 문장에서 문맥상 빈칸에 들어갈 적절한 단어를 적으세요,이 일을 마치는데 _____ 걸릴 것 같다.,며칠,'며칠'은 작업 소요 시간을 설명할 때 사용되므로 정답은 '며칠'입니다.,QT02,PL01,PT01,PT0121,{'options': '몇 일 vs 며칠'},2024-09-24T18:27:19.206130,2024-09-24T18:27:19.206130
다음 문장에서 문맥상 빈칸에 들어갈 적절한 단어를 적으세요,이번 기회는 놓치지 말고 _____ 잡아야 한다.,반드시,'반드시'는 반드시 해야 한다는 의미를 지니고 있으므로 정답은 '반드시'입니다.,QT02,PL06,PT01,PT0121,{'options': '반드시 vs 반듯이'},2024-09-24T18:27:19.206130,2024-09-24T18:27:19.206130
다음 문장에서 문맥상 빈칸에 들어갈 적절한 단어를 적으세요,시험에 합격하기 위해서는 _____ 준비해야 한다.,반드시,시험에 합격하기 위해서는 '반드시' 준비해야 하므로 정답은 '반드시'입니다.,QT02,PL06,PT01,PT0121,{'options': '반드시 vs 반듯이'},2024-09-24T18:27:19.206130,2024-09-24T18:27:19.206130
다음 문장에서 문맥상 빈칸에 들어갈 적절한 단어를 적으세요,시험 준비를 하면서 우리는 _____ 준비해야 한다.,반드시,시험 준비는 꼭 필요하므로 정답은 '반드시'입니다.,QT02,PL06,PT01,PT0121,{'options': '반드시 vs 반듯이'},2024-09-24T18:27:19.206130,2024-09-24T18:27:19.206130
다음 문장에서 문맥상 빈칸에 들어갈 적절한 단어를 적으세요,이 일이 성공하기 위해서는 _____ 모든 조건을 충족해야 한다.,반드시,어떤 일이 성공하기 위해서는 꼭 필요한 조건을 강조하는 문맥이므로 정답은 '반드시'입니다.,QT02,PL06,PT01,PT0121,{'options': '반드시 vs 반듯이'},2024-09-24T18:27:19.206130,2024-09-24T18:27:19.206130
다음 문장에서 문맥상 빈칸에 들어갈 적절한 단어를 적으세요,약속은 _____ 지켜야 한다.,반드시,약속을 지키는 것은 중요한 일이므로 '반드시'가 적절한 단어입니다.,QT02,PL06,PT01,PT0121,{'options': '반드시 vs 반듯이'},2024-09-24T18:27:19.206130,2024-09-24T18:27:19.206130
다음 문장에서 문맥상 빈칸에 들어갈 적절한 단어를 적으세요,시험을 보기 전에 준비한 내용을 _____ 복습해야 한다.,반드시,"'반드시'는 꼭 해야 한다는 의미로, 시험 준비에 적합한 단어입니다.",QT02,PL06,PT01,PT0121,{'options': '반드시 vs 반듯이'},2024-09-24T18:27:19.206130,2024-09-24T18:27:19.206130
다음 문장에서 문맥상 빈칸에 들어갈 적절한 단어를 적으세요,선생님께서는 학생들이 ______ 자기의 목표를 이루기를 바라신다.,반듯이,"'반듯이'는 바로잡아 똑바로라는 의미로, 목표를 올바르게 이룰 때 사용되므로 정답은 '반듯이'입니다.",QT02,PL06,PT01,PT0121,{'options': '반드시 vs 반듯이'},2024-09-24T18:27:19.206130,2024-09-24T18:27:19.206130
다음 문장에서 문맥상 빈칸에 들어갈 적절한 단어를 적으세요,그림을 그릴 때 색을 _____ 놓아야 한다.,반듯이,그림에서 색깔을 고르게 칠하기 위해서는 '반듯이' 놓아야 하므로 정답은 '반듯이'입니다.,QT02,PL06,PT01,PT0121,{'options': '반드시 vs 반듯이'},2024-09-24T18:27:19.206130,2024-09-24T18:27:19.206130
다음 문장에서 문맥상 빈칸에 들어갈 적절한 단어를 적으세요,이 일을 해내기 위해서는 목표를 _____하게 세워야 한다.,반듯이,"'반듯이'는 올바르게 또는 정확하게라는 뜻으로, 목표를 세울 때의 의미에 잘 맞습니다.",QT02,PL06,PT01,PT0121,{'options': '반드시 vs 반듯이'},2024-09-24T18:27:19.206130,2024-09-24T18:27:19.206130
다음 문장에서 문맥상 빈칸에 들어갈 적절한 단어를 적으세요,그는 항상 일을 _____마무리하고 나간다.,반듯이,일을 정확하게 끝내는 것은 '반듯이' 하는 것이므로 정답은 '반듯이'입니다.,QT02,PL06,PT01,PT0121,{'options': '반드시 vs 반듯이'},2024-09-24T18:27:19.206130,2024-09-24T18:27:19.206130
다음 문장에서 문맥상 빈칸에 들어갈 적절한 단어를 적으세요,"그는 항상 정직하고 바르게 행동해야 한다고 생각해, _____ 행동하기로 결심했다.",반듯이,정직하고 바르게 행동하는 것을 나타내기 위해서는 '반듯이'라는 표현이 맞습니다.,QT02,PL06,PT01,PT0121,{'options': '반드시 vs 반듯이'},2024-09-24T18:27:19.206130,2024-09-24T18:27:19.206130
다음 문장에서 문맥상 빈칸에 들어갈 적절한 단어를 적으세요,나는 매일 아침 일찍 일어나서 방을 _____ 정리한다.,반듯이,방을 정리할 때는 깔끔하고 고르게 정리해야 하므로 '반듯이'가 적절한 단어입니다.,QT02,PL06,PT01,PT0121,{'options': '반드시 vs 반듯이'},2024-09-24T18:27:19.206130,2024-09-24T18:27:19.206130
다음 문장에서 문맥상 빈칸에 들어갈 적절한 단어를 적으세요,산에 올라가서 봄의 시작을 알리는 ____을 발견했다.,봉오리,봄의 시작을 알리는 것은 식물의 성장과 관련된 '봉오리'이므로 정답은 '봉오리'입니다.,QT02,PL02,PT01,PT0121,{'options': '봉오리 vs 봉우리'},2024-09-24T18:27:19.207130,2024-09-24T18:27:19.207130
다음 문장에서 문맥상 빈칸에 들어갈 적절한 단어를 적으세요,목련 _____가 조만간 피어날 것이다.,봉우리,'봉오리'는 아직 피지 않은 꽃을 지칭하므로 정답은 '봉오리'입니다.,QT02,PL02,PT01,PT0121,{'options': '봉오리 vs 봉우리'},2024-09-24T18:27:19.207130,2024-09-24T18:27:19.207130
다음 문장에서 문맥상 빈칸에 들어갈 적절한 단어를 적으세요,산수유 _____는 봄을 알리는 아름다운 풍경이다.,봉오리,"'봉오리'는 꽃봉오리를 의미하며, 산수유와 관련된 문맥에서 적절하므로 정답은 '봉오리'입니다.",QT02,PL02,PT01,PT0121,{'options': '봉오리 vs 봉우리'},2024-09-24T18:27:19.207130,2024-09-24T18:27:19.207130
다음 문장에서 문맥상 빈칸에 들어갈 적절한 단어를 적으세요,봄이 오면 꽃의 _____가 맺힌다.,봉오리,봄에 꽃에 맺히는 것은 '봉오리'이므로 정답은 '봉오리'입니다.,QT02,PL02,PT01,PT0121,{'options': '봉오리 vs 봉우리'},2024-09-24T18:27:19.207130,2024-09-24T18:27:19.207130
다음 문장에서 문맥상 빈칸에 들어갈 적절한 단어를 적으세요,봄이 되면 나무의 _____가 여린 잎을 돋운다.,봉오리,나무에서 여린 잎이 나오는 것은 '봉오리'이므로 정답은 '봉오리'입니다.,QT02,PL02,PT01,PT0121,{'options': '봉오리 vs 봉우리'},2024-09-24T18:27:19.207130,2024-09-24T18:27:19.207130
다음 문장에서 문맥상 빈칸에 들어갈 적절한 단어를 적으세요,높은 산의 정상에 오르니 아름다운 _____가 보였다.,봉우리,높은 산의 정상에서 보이는 것은 '봉우리'이므로 정답은 '봉우리'입니다.,QT02,PL02,PT01,PT0121,{'options': '봉오리 vs 봉우리'},2024-09-24T18:27:19.207130,2024-09-24T18:27:19.207130
다음 문장에서 문맥상 빈칸에 들어갈 적절한 단어를 적으세요,산 정상에 올라가니 아름다운 _____을 볼 수 있었다.,봉우리,산의 정상 부분을 표현하는 단어는 '봉우리'이므로 정답은 '봉우리'입니다.,QT02,PL02,PT01,PT0121,{'options': '봉오리 vs 봉우리'},2024-09-24T18:27:19.207130,2024-09-24T18:27:19.207130
다음 문장에서 문맥상 빈칸에 들어갈 적절한 단어를 적으세요,높은 산의 정상에 있는 _____에서 바람을 느낄 수 있었다.,봉우리,높은 산의 정상에 해당하는 것은 '봉우리'이므로 정답은 '봉우리'입니다.,QT02,PL02,PT01,PT0121,{'options': '봉오리 vs 봉우리'},2024-09-24T18:27:19.207130,2024-09-24T18:27:19.207130
다음 문장에서 문맥상 빈칸에 들어갈 적절한 단어를 적으세요,산 정상에는 아름다운 _____이 펼쳐져 있었다.,봉우리,'봉우리'는 산의 정상에 해당하기 때문에 정답은 '봉우리'입니다.,QT02,PL02,PT01,PT0121,{'options': '봉오리 vs 봉우리'},2024-09-24T18:27:19.207130,2024-09-24T18:27:19.207130
다음 문장에서 문맥상 빈칸에 들어갈 적절한 단어를 적으세요,이 산의 _____는 높고 아름답다.,봉우리,산의 높은 부분을 나타내는 단어는 '봉우리'이므로 정답은 '봉우리'입니다.,QT02,PL02,PT01,PT0121,{'options': '봉오리 vs 봉우리'},2024-09-24T18:27:19.207130,2024-09-24T18:27:19.207130
다음 문장에서 문맥상 빈칸에 들어갈 적절한 단어를 적으세요,산 정상에 올라가니 백두산의 _____가 보였다.,봉우리,산 정상을 표현할 때는 '봉우리'라는 단어가 적절하므로 정답은 '봉우리'입니다.,QT02,PL02,PT01,PT0121,{'options': '봉오리 vs 봉우리'},2024-09-24T18:27:19.207130,2024-09-24T18:27:19.207130
다음 문장에서 문맥상 빈칸에 들어갈 적절한 단어를 적으세요,주아는 여행 계획을 비밀에 _____로 했다,부치다,부치다'는 어떤 일을 거론하거나 문제 삼지 않는 다는 뜻에 해당하므로 정답은 '부치다'입니다.,QT02,PL04,PT01,PT0121,{'options': '부치다 vs 붙이다'},2024-09-24T18:27:19.207130,2024-09-24T18:27:19.207130
다음 문장에서 문맥상 빈칸에 들어갈 적절한 단어를 적으세요,편지를 우체국에 가서 _____.,부치다,편지를 우체국에 가서 보내는 행위를 나타내는 것은 '부쳤다'이므로 정답은 '부쳤다'입니다.,QT02,PL04,PT01,PT0121,{'options': '부치다 vs 붙이다'},2024-09-24T18:27:19.207130,2024-09-24T18:27:19.207130
다음 문장에서 문맥상 빈칸에 들어갈 적절한 단어를 적으세요,주아가 민수에게 우편을 _____.,부치다,편지를 보내기 위해서는 '부치다'가 적절합니다.,QT02,PL04,PT01,PT0121,{'options': '부치다 vs 붙이다'},2024-09-24T18:27:19.207130,2024-09-24T18:27:19.207130
다음 문장에서 문맥상 빈칸에 들어갈 적절한 단어를 적으세요,주아가 지방에 계신 아버지에게 옷을 ______.,부치다,부치다'는 편지나 물건 따위를 일정한 수단이나 방법을 써서 상대에게로 보내다를 뜻합니다.,QT02,PL04,PT01,PT0121,{'options': '부치다 vs 붙이다'},2024-09-24T18:27:19.207130,2024-09-24T18:27:19.207130
다음 문장에서 문맥상 빈칸에 들어갈 적절한 단어를 적으세요,민수는 이유를 _____ 적성에 풀린다.,붙이다,"붙이다'는 조건, 이유, 구실을 딸리게 하는 것을 의미하므로 정답은 '붙이다'입니다.",QT02,PL04,PT01,PT0121,{'options': '부치다 vs 붙이다'},2024-09-24T18:27:19.207130,2024-09-24T18:27:19.207130
다음 문장에서 문맥상 빈칸에 들어갈 적절한 단어를 적으세요,물체가 서로 _____ 않도록 조심해야 한다.,붙이다,물체가 서로 가까이 위치하도록 하는 것은 '붙이다'의 의미와 관련이 있으므로 정답은 '붙어'입니다.,QT02,PL04,PT01,PT0121,{'options': '부치다 vs 붙이다'},2024-09-24T18:27:19.207130,2024-09-24T18:27:19.207130
다음 문장에서 문맥상 빈칸에 들어갈 적절한 단어를 적으세요,주아가 생일 초에 불을 _______.,붙이다,붙이다'는 불을 일으켜 타게 행위를 나타내므로 정답은 '붙이다'입니다.,QT02,PL04,PT01,PT0121,{'options': '부치다 vs 붙이다'},2024-09-24T18:27:19.207130,2024-09-24T18:27:19.207130
다음 문장에서 문맥상 빈칸에 들어갈 적절한 단어를 적으세요,스티커를 노트에 _____.,붙이다,'붙이다'는 스티커를 물체에 붙이는 행위를 의미하므로 정답은 '붙이다'입니다.,QT02,PL04,PT01,PT0121,{'options': '부치다 vs 붙이다'},2024-09-24T18:27:19.207130,2024-09-24T18:27:19.207130
다음 문장에서 문맥상 빈칸에 들어갈 적절한 단어를 적으세요,그림을 벽에 _____ 필요가 있다.,붙이다,'붙이다'는 그림을 벽에 고정시키는 행위를 나타내므로 정답은 '붙이다'입니다.,QT02,PL04,PT01,PT0121,{'options': '부치다 vs 붙이다'},2024-09-24T18:27:19.207130,2024-09-24T18:27:19.207130
다음 문장에서 문맥상 빈칸에 들어갈 적절한 단어를 적으세요,우표를 편지에 잘 _____ 한다.,붙이다,편지에 우표를 잘 붙이는 것이 옳으므로 정답은 '붙이다'입니다.,QT02,PL04,PT01,PT0121,{'options': '부치다 vs 붙이다'},2024-09-24T18:27:19.207130,2024-09-24T18:27:19.207130
다음 문장에서 문맥상 빈칸에 들어갈 적절한 단어를 적으세요,저녁 식사를 마친 후 저희 가족은 함께 _____를 했다.,설거지,식사 후에는 흔히 '설거지'를 하기 때문에 정답은 '설거지'입니다.,QT02,PL03,PT01,PT0121,{'options': '설거지 vs 설겆이'},2024-09-24T18:27:19.208130,2024-09-24T18:27:19.208130
다음 문장에서 문맥상 빈칸에 들어갈 적절한 단어를 적으세요,식사 후에 우리는 항상 _____를 하며 깨끗하게 정리를 한다.,설거지,식사 후 정리를 하는 것을 의미하는 단어는 '설거지'이므로 정답은 '설거지'입니다.,QT02,PL03,PT01,PT0121,{'options': '설거지 vs 설겆이'},2024-09-24T18:27:19.208130,2024-09-24T18:27:19.208130
다음 문장에서 문맥상 빈칸에 들어갈 적절한 단어를 적으세요,오늘은 _____을 하기로 했다.,설거지,문맥상 '설거지'를 해야 한다고 하므로 정답은 '설거지'입니다.,QT02,PL03,PT01,PT0121,{'options': '설거지 vs 설겆이'},2024-09-24T18:27:19.208130,2024-09-24T18:27:19.208130
다음 문장에서 문맥상 빈칸에 들어갈 적절한 단어를 적으세요,식사를 마치고 남은 그릇을 깨끗하게 _____하는 일이 중요하다.,설거지,남은 그릇을 깨끗하게 하는 것은 '설거지'이므로 정답은 '설거지'입니다.,QT02,PL03,PT01,PT0121,{'options': '설거지 vs 설겆이'},2024-09-24T18:27:19.208130,2024-09-24T18:27:19.208130
다음 문장에서 문맥상 빈칸에 들어갈 적절한 단어를 적으세요,식사 후에 그릇을 깨끗하게 하기 위해 _____을 하기로 했다.,설거지,식사 후 그릇을 깨끗하게 하는 것을 뜻하는 단어는 '설거지'이므로 정답은 '설거지'입니다.,QT02,PL03,PT01,PT0121,{'options': '설거지 vs 설겆이'},2024-09-24T18:27:19.208130,2024-09-24T18:27:19.208130
다음 문장에서 문맥상 빈칸에 들어갈 적절한 단어를 적으세요,식사를 마친 후 _____를 해야 한다.,설거지,식사 후에 해야 하는 일은 그릇을 씻는 '설거지'이므로 정답은 '설거지'입니다.,QT02,PL03,PT01,PT0121,{'options': '설거지 vs 설겆이'},2024-09-24T18:27:19.208130,2024-09-24T18:27:19.208130
다음 문장에서 문맥상 빈칸에 들어갈 적절한 단어를 적으세요,새해 인사를 할 때는 어른께 _____를 드리는 것이 전통입니다.,세배,새해 인사를 할 때는 어른께 하는 의례가 '세배'이므로 정답은 '세배'입니다.,QT02,PL02,PT01,PT0121,{'options': '새배 vs 세배'},2024-09-24T18:27:19.208130,2024-09-24T18:27:19.208130
다음 문장에서 문맥상 빈칸에 들어갈 적절한 단어를 적으세요,설날에는 부모님께 ____를 드리며 새해 인사를 전한다.,세배,'세배'는 설날에 하는 인사이므로 정답은 '세배'입니다.,QT02,PL02,PT01,PT0121,{'options': '새배 vs 세배'},2024-09-24T18:27:19.208130,2024-09-24T18:27:19.208130
다음 문장에서 문맥상 빈칸에 들어갈 적절한 단어를 적으세요,설날에는 부모님께 _____를 하여 새해 인사를 드린다.,세배,"'세배'는 설날에 하는 인사로, 정답은 '세배'입니다.",QT02,PL02,PT01,PT0121,{'options': '새배 vs 세배'},2024-09-24T18:27:19.208130,2024-09-24T18:27:19.208130
다음 문장에서 문맥상 빈칸에 들어갈 적절한 단어를 적으세요,새로운 해의 시작을 기념하기 위해 우리는 어른들에게 _____를 했다.,세배,새해 인사로 어른들에게 하는 것은 '세배'이므로 정답은 '세배'입니다.,QT02,PL02,PT01,PT0121,{'options': '새배 vs 세배'},2024-09-24T18:27:19.208130,2024-09-24T18:27:19.208130
다음 문장에서 문맥상 빈칸에 들어갈 적절한 단어를 적으세요,설날에는 부모님과 조상님께 _____를 올렸다.,세배,설날에 부모님과 조상님께 올리는 예는 '세배'이므로 정답은 '세배'입니다.,QT02,PL02,PT01,PT0121,{'options': '새배 vs 세배'},2024-09-24T18:27:19.208130,2024-09-24T18:27:19.208130
다음 문장에서 문맥상 빈칸에 들어갈 적절한 단어를 적으세요,설날에 부모님과 조부모님께 _____을 드렸다.,세배,설날에 부모님과 조부모님께 인사를 하는 것은 '세배'이므로 정답은 '세배'입니다.,QT02,PL02,PT01,PT0121,{'options': '새배 vs 세배'},2024-09-24T18:27:19.208130,2024-09-24T18:27:19.208130
다음 문장에서 문맥상 빈칸에 들어갈 적절한 단어를 적으세요,국을 먹기 위해 _____을 사용했다.,숟가락,국을 먹을 때 주로 사용하는 도구는 '숟가락'이므로 정답은 '숟가락'입니다.,QT02,PL03,PT01,PT0121,{'options': '숫가락 vs 숟가락'},2024-09-24T18:27:19.209130,2024-09-24T18:27:19.209130
다음 문장에서 문맥상 빈칸에 들어갈 적절한 단어를 적으세요,국물에 반찬을 덜 때 _____을 사용했다.,숟가락,국물이나 음식을 덜 때 사용하는 도구는 '숟가락'이므로 정답은 '숟가락'입니다.,QT02,PL03,PT01,PT0121,{'options': '숫가락 vs 숟가락'},2024-09-24T18:27:19.209130,2024-09-24T18:27:19.209130
다음 문장에서 문맥상 빈칸에 들어갈 적절한 단어를 적으세요,국물 요리를 먹기 위해 _____을 준비했다.,숟가락,국물 요리를 먹기 위해 필요한 것은 '숟가락'이므로 정답은 '숟가락'입니다.,QT02,PL03,PT01,PT0121,{'options': '숫가락 vs 숟가락'},2024-09-24T18:27:19.209130,2024-09-24T18:27:19.209130
다음 문장에서 문맥상 빈칸에 들어갈 적절한 단어를 적으세요,국에 필요한 재료를 저어주기 위해 _____을 사용했다.,숟가락,국에 필요한 재료를 저어주는 도구는 '숟가락'이므로 정답은 '숟가락'입니다.,QT02,PL03,PT01,PT0121,{'options': '숫가락 vs 숟가락'},2024-09-24T18:27:19.209130,2024-09-24T18:27:19.209130
다음 문장에서 문맥상 빈칸에 들어갈 적절한 단어를 적으세요,국을 먹을 때는 _____을 사용한다.,숟가락,국을 먹을 때 사용되는 도구는 '숟가락'이므로 정답은 '숟가락'입니다.,QT02,PL03,PT01,PT0121,{'options': '숫가락 vs 숟가락'},2024-09-24T18:27:19.209130,2024-09-24T18:27:19.209130
다음 문장에서 문맥상 빈칸에 들어갈 적절한 단어를 적으세요,음식을 먹을 때 필요한 도구는 _____이다.,숟가락,음식을 먹을 때 사용하는 도구로는 '숟가락'이 필요하므로 정답은 '숟가락'입니다.,QT02,PL03,PT01,PT0121,{'options': '숫가락 vs 숟가락'},2024-09-24T18:27:19.209130,2024-09-24T18:27:19.209130
다음 문장에서 문맥상 빈칸에 들어갈 적절한 단어를 적으세요,오늘은 _____ 모르게 빨리 지나간 것 같아!,왠지,'왠지'는 근거가 불확실하지만 느낌이나 이유를 나타내는 표현이므로 정답은 '왠지'입니다.,QT02,PL05,PT01,PT0121,{'options': '왠지 vs 웬지'},2024-09-24T18:27:19.209130,2024-09-24T18:27:19.209130
다음 문장에서 문맥상 빈칸에 들어갈 적절한 단어를 적으세요,그의 표정이 _____ 뭔가 좋은 일이 생길 것 같은 느낌이 든다.,왠지,'왠지'는 이유는 모르겠으나 어떤 느낌이나 상황을 표현할 때 사용되므로 정답은 '왠지'입니다.,QT02,PL05,PT01,PT0121,{'options': '왠지 vs 웬지'},2024-09-24T18:27:19.209130,2024-09-24T18:27:19.209130
다음 문장에서 문맥상 빈칸에 들어갈 적절한 단어를 적으세요,그가 오늘따라 기분이 좋은 건 _____ 우리의 만남 때문인 것 같아.,왠지,'왠지'는 이유를 모르게 느끼는 감정을 표현할 때 사용되므로 정답은 '왠지'입니다.,QT02,PL05,PT01,PT0121,{'options': '왠지 vs 웬지'},2024-09-24T18:27:19.209130,2024-09-24T18:27:19.209130
다음 문장에서 문맥상 빈칸에 들어갈 적절한 단어를 적으세요,그 영화는 보고 나서 _____ 마음이 불안했다.,왠지,'왠지'는 이유를 알 수 없지만 어떤 감정을 표현할 때 쓰이는 말이므로 정답은 '왠지'입니다.,QT02,PL05,PT01,PT0121,{'options': '왠지 vs 웬지'},2024-09-24T18:27:19.209130,2024-09-24T18:27:19.209130
다음 문장에서 문맥상 빈칸에 들어갈 적절한 단어를 적으세요,오늘은 _____ 잠이 안와요.,왠지,'왠지'는 어떤 이유 없이 느끼는 감정이나 상태를 표현할 때 사용되므로 정답은 '왠지'입니다.,QT02,PL05,PT01,PT0121,{'options': '왠지 vs 웬지'},2024-09-24T18:27:19.209130,2024-09-24T18:27:19.209130
다음 문장에서 문맥상 빈칸에 들어갈 적절한 단어를 적으세요,오늘은 _____ 기분이 좋다.,왠지,'왠지'는 어떤 이유나 근거 없이 기분이나 감정을 표현할 때 사용되므로 정답은 '왠지'입니다.,QT02,PL05,PT01,PT0121,{'options': '왠지 vs 웬지'},2024-09-24T18:27:19.209130,2024-09-24T18:27:19.209130
다음 문장에서 문맥상 빈칸에 들어갈 적절한 단어를 적으세요,아이가 미소를 지으며 '나는 _____가 있어!'라고 말했다.,이,아이가 가진 것은 '이'이므로 정답은 '이'입니다.,QT02,PL01,PT01,PT0121,{'options': '이 vs 이빨'},2024-09-24T18:27:19.210130,2024-09-24T18:27:19.210130
다음 문장에서 문맥상 빈칸에 들어갈 적절한 단어를 적으세요,그는 음식을 먹을 때 _____가 빠지지 않도록 주의했다.,이,음식을 먹을 때 사용되는 것은 '이'이므로 정답은 '이'입니다.,QT02,PL01,PT01,PT0121,{'options': '이 vs 이빨'},2024-09-24T18:27:19.210130,2024-09-24T18:27:19.210130
다음 문장에서 문맥상 빈칸에 들어갈 적절한 단어를 적으세요,아이가 먹기 좋은 과일을 고르기 위해 _____을 확인했다.,이,우리가 과일을 고를 때 신선함을 확인하기 위해 '이'를 보는 것이므로 정답은 '이'입니다.,QT02,PL01,PT01,PT0121,{'options': '이 vs 이빨'},2024-09-24T18:27:19.210130,2024-09-24T18:27:19.210130
다음 문장에서 문맥상 빈칸에 들어갈 적절한 단어를 적으세요,어린 아이가 아프지 않도록 _____를 잘 닦아주었다.,이,아이의 건강을 위해 '이'를 잘 닦아주었다는 문맥상 정답은 '이'입니다.,QT02,PL01,PT01,PT0121,{'options': '이 vs 이빨'},2024-09-24T18:27:19.210130,2024-09-24T18:27:19.210130
다음 문장에서 문맥상 빈칸에 들어갈 적절한 단어를 적으세요,개가 _____을 드러내며 짖었다.,이빨,"이빨'은 동물의 치아를 가리키는 말로, 개와 같은 동물의 특징을 설명하는 문맥에서 적절하므로 정답은 '이빨'입니다.",QT02,PL01,PT01,PT0121,{'options': '이 vs 이빨'},2024-09-24T18:27:19.210130,2024-09-24T18:27:19.210130
다음 문장에서 문맥상 빈칸에 들어갈 적절한 단어를 적으세요,고양이의 _____이 부러져서 병원에 갔다.,이빨,"이빨'은 동물의 치아를 가리키는 말로, 고양이와 같은 동물의 특징을 설명하는 문맥에서 적절하므로 정답은 '이빨'입니다.",QT02,PL01,PT01,PT0121,{'options': '이 vs 이빨'},2024-09-24T18:27:19.210130,2024-09-24T18:27:19.210130
다음 문장에서 문맥상 빈칸에 들어갈 적절한 단어를 적으세요,사자의 _____이 매우 날카롭다.,이빨,"'이빨'은 동물의 치아를 가리키는 말로, 사자와 같은 동물의 특징을 설명하는 문맥에서 적절하므로 정답은 '이빨'입니다.",QT02,PL01,PT01,PT0121,{'options': '이 vs 이빨'},2024-09-24T18:27:19.210130,2024-09-24T18:27:19.210130
다음 문장에서 문맥상 빈칸에 들어갈 적절한 단어를 적으세요,동물의 음식을 씹기 위해 사용하는 도구인 _____은 매우 중요하다.,이빨,동물이 음식을 씹기 위해 사용하는 것은 '이빨'이므로 정답은 '이빨'입니다.,QT02,PL01,PT01,PT0121,{'options': '이 vs 이빨'},2024-09-24T18:27:19.210130,2024-09-24T18:27:19.210130
다음 문장에서 문맥상 빈칸에 들어갈 적절한 단어를 적으세요,나무의 _____가 푸르고 무성하다.,이파리,나무의 푸르고 무성한 부분은 '이파리'이므로 정답은 '이파리'입니다.,QT02,PL02,PT01,PT0121,{'options': '이파리 vs 잎파리'},2024-09-24T18:27:19.210130,2024-09-24T18:27:19.210130
다음 문장에서 문맥상 빈칸에 들어갈 적절한 단어를 적으세요,나무의 _____은 광합성을 위해 중요한 역할을 한다.,이파리,나무의 대사 과정에서 광합성을 담당하는 부분은 '이파리'이므로 정답은 '이파리'입니다.,QT02,PL02,PT01,PT0121,{'options': '이파리 vs 잎파리'},2024-09-24T18:27:19.210130,2024-09-24T18:27:19.210130
다음 문장에서 문맥상 빈칸에 들어갈 적절한 단어를 적으세요,"꽃이 피기 전에 _____이 많이 나올 때, 그 식물은 건강하다는 신호이다.",이파리,'이파리'는 식물의 건강 상태를 나타내는 중요한 요소이므로 정답은 '이파리'입니다.,QT02,PL02,PT01,PT0121,{'options': '이파리 vs 잎파리'},2024-09-24T18:27:19.210130,2024-09-24T18:27:19.210130
다음 문장에서 문맥상 빈칸에 들어갈 적절한 단어를 적으세요,식물의 잎은 _____의 중요한 부분이다.,이파리,식물의 잎을 나타내는 말은 '이파리'이므로 정답은 '이파리'입니다.,QT02,PL02,PT01,PT0121,{'options': '이파리 vs 잎파리'},2024-09-24T18:27:19.210130,2024-09-24T18:27:19.210130
다음 문장에서 문맥상 빈칸에 들어갈 적절한 단어를 적으세요,나무의 _____에 물방울이 맺혀 빛나고 있었다.,이파리,나무의 구조에서 물방울이 맺히는 것은 '이파리'이므로 정답은 '이파리'입니다.,QT02,PL02,PT01,PT0121,{'options': '이파리 vs 잎파리'},2024-09-24T18:27:19.210130,2024-09-24T18:27:19.210130
다음 문장에서 문맥상 빈칸에 들어갈 적절한 단어를 적으세요,나무의 _____이 맑은 날 햇빛을 받아 반짝였다.,이파리,나무의 부분 중에서 햇빛을 받아 반짝이는 것은 '이파리'이므로 정답은 '이파리'입니다.,QT02,PL02,PT01,PT0121,{'options': '이파리 vs 잎파리'},2024-09-24T18:27:19.210130,2024-09-24T18:27:19.210130
다음 문장에서 문맥상 빈칸에 들어갈 적절한 단어를 적으세요,생일 파티에서 친구들에게 _____을 나눠 주었다.,케이크,생일 파티에서 나눠 주는 것은 일반적으로 '케이크'이므로 정답은 '케이크'입니다.,QT02,PL04,PT01,PT0121,{'options': '케익 vs 케이크'},2024-09-24T18:27:19.211129,2024-09-24T18:27:19.211129
다음 문장에서 문맥상 빈칸에 들어갈 적절한 단어를 적으세요,생일 파티를 위해 엄마가 특별하게 만든 _____이 달콤하고 부드럽다.,케이크,생일 파티에서 만드는 음식 중 달콤하고 부드러운 것은 '케이크'이므로 정답은 '케이크'입니다.,QT02,PL04,PT01,PT0121,{'options': '케익 vs 케이크'},2024-09-24T18:27:19.211129,2024-09-24T18:27:19.211129
다음 문장에서 문맥상 빈칸에 들어갈 적절한 단어를 적으세요,내 생일에 친구들이 모여서 _____를 함께 나눠 먹었다.,케이크,생일에 친구들이 함께 나눠 먹는 것은 '케이크'이므로 정답은 '케이크'입니다.,QT02,PL04,PT01,PT0121,{'options': '케익 vs 케이크'},2024-09-24T18:27:19.211129,2024-09-24T18:27:19.211129
다음 문장에서 문맥상 빈칸에 들어갈 적절한 단어를 적으세요,생일 파티에서 모두가 맛있게 먹은 _____는 크림과 과일로 장식되어 있었다.,케이크,생일 파티에서 주로 나오는 음식 중 하나는 '케이크'이므로 정답은 '케이크'입니다.,QT02,PL04,PT01,PT0121,{'options': '케익 vs 케이크'},2024-09-24T18:27:19.211129,2024-09-24T18:27:19.211129
다음 문장에서 문맥상 빈칸에 들어갈 적절한 단어를 적으세요,나는 생일 파티에서 친구들에게 _____을 나눠주었다.,케이크,생일 파티에서 친구들에게 나눠주는 것은 일반적으로 '케이크'이므로 정답은 '케이크'입니다.,QT02,PL04,PT01,PT0121,{'options': '케익 vs 케이크'},2024-09-24T18:27:19.211129,2024-09-24T18:27:19.211129
다음 문장에서 문맥상 빈칸에 들어갈 적절한 단어를 적으세요,생일 파티에 맛있는 _____를 준비했다.,케이크,생일 파티에서 일반적으로 준비하는 음식은 '케이크'이므로 정답은 '케이크'입니다.,QT02,PL04,PT01,PT0121,{'options': '케익 vs 케이크'},2024-09-24T18:27:19.211129,2024-09-24T18:27:19.211129
